timestamp,open,high,low,close,volume,close_time,quote_volume
2025-05-03 06:45:00,147.81,147.87,147.57,147.82,8980.509,2025-05-03 06:59:59.999,1326735.60789
2025-05-03 07:00:00,147.83,147.89,147.63,147.7,10029.053,2025-05-03 07:14:59.999,1481798.39821
2025-05-03 07:15:00,147.69,147.81,147.38,147.5,23086.627,2025-05-03 07:29:59.999,3405408.10248
2025-05-03 07:30:00,147.5,148.0,147.5,147.96,15789.323,2025-05-03 07:44:59.999,2332749.38346
2025-05-03 07:45:00,147.97,148.16,147.87,148.08,18924.207,2025-05-03 07:59:59.999,2801030.80128
2025-05-03 08:00:00,148.08,148.12,147.65,147.71,17529.876,2025-05-03 08:14:59.999,2591729.92826
2025-05-03 08:15:00,147.72,148.04,147.71,147.96,16853.837,2025-05-03 08:29:59.999,2493046.37086
2025-05-03 08:30:00,147.96,148.4,147.86,148.25,20529.068,2025-05-03 08:44:59.999,3042108.6384
2025-05-03 08:45:00,148.25,148.35,147.87,147.89,12455.873,2025-05-03 08:59:59.999,1843750.19063
2025-05-03 09:00:00,147.89,147.98,147.45,147.55,15876.756,2025-05-03 09:14:59.999,2343957.12293
2025-05-03 09:15:00,147.55,147.78,147.48,147.61,18134.212,2025-05-03 09:29:59.999,2677480.84586
2025-05-03 09:30:00,147.62,147.62,147.36,147.43,13290.715,2025-05-03 09:44:59.999,1960009.38231
2025-05-03 09:45:00,147.43,147.58,146.89,147.27,30504.972,2025-05-03 09:59:59.999,4490072.20329
2025-05-03 10:00:00,147.27,147.4,147.13,147.39,24635.541,2025-05-03 10:14:59.999,3628161.89753
2025-05-03 10:15:00,147.39,147.64,147.29,147.31,18892.59,2025-05-03 10:29:59.999,2785683.18585
2025-05-03 10:30:00,147.3,147.42,146.89,146.95,21083.484,2025-05-03 10:44:59.999,3103024.82561
2025-05-03 10:45:00,146.95,147.21,146.68,146.78,46735.761,2025-05-03 10:59:59.999,6867209.52252
2025-05-03 11:00:00,146.79,147.14,146.77,146.97,15416.73,2025-05-03 11:14:59.999,2265860.54497
2025-05-03 11:15:00,146.97,147.23,146.87,147.18,12345.469,2025-05-03 11:29:59.999,1815805.38201
2025-05-03 11:30:00,147.18,147.39,146.96,147.17,10830.169,2025-05-03 11:44:59.999,1594539.53564
2025-05-03 11:45:00,147.18,147.23,147.0,147.14,8587.705,2025-05-03 11:59:59.999,1263481.89406
2025-05-03 12:00:00,147.14,147.46,147.13,147.43,13288.719,2025-05-03 12:14:59.999,1958053.95124
2025-05-03 12:15:00,147.44,147.84,147.43,147.81,12611.863,2025-05-03 12:29:59.999,1862637.77711
2025-05-03 12:30:00,147.82,148.08,147.72,148.02,14998.758,2025-05-03 12:44:59.999,2218816.08184
2025-05-03 12:45:00,148.02,148.12,147.81,148.09,17877.756,2025-05-03 12:59:59.999,2646311.92871
2025-05-03 13:00:00,148.09,148.33,148.07,148.15,19750.625,2025-05-03 13:14:59.999,2926931.95712
2025-05-03 13:15:00,148.15,148.51,148.15,148.44,24436.791,2025-05-03 13:29:59.999,3625566.0537
2025-05-03 13:30:00,148.44,148.5,148.1,148.39,24878.157,2025-05-03 13:44:59.999,3688277.80853
2025-05-03 13:45:00,148.4,148.56,148.22,148.42,25462.336,2025-05-03 13:59:59.999,3778623.72245
2025-05-03 14:00:00,148.42,148.84,148.18,148.19,28275.381,2025-05-03 14:14:59.999,4201204.4767
2025-05-03 14:15:00,148.18,148.63,148.18,148.21,14469.387,2025-05-03 14:29:59.999,2147049.83822
2025-05-03 14:30:00,148.21,148.45,148.08,148.39,15399.08,2025-05-03 14:44:59.999,2283715.67471
2025-05-03 14:45:00,148.39,148.53,148.26,148.49,16901.874,2025-05-03 14:59:59.999,2508419.80187
2025-05-03 15:00:00,148.49,149.0,148.49,148.75,27059.253,2025-05-03 15:14:59.999,4025313.43567
2025-05-03 15:15:00,148.74,148.75,148.5,148.64,12775.721,2025-05-03 15:29:59.999,1898914.89138
2025-05-03 15:30:00,148.64,148.95,148.54,148.79,17562.054,2025-05-03 15:44:59.999,2612719.05081
2025-05-03 15:45:00,148.79,148.81,148.35,148.46,22122.931,2025-05-03 15:59:59.999,3286532.94905
2025-05-03 16:00:00,148.47,148.47,148.01,148.08,23335.931,2025-05-03 16:14:59.999,3457705.86717
2025-05-03 16:15:00,148.08,148.21,147.95,148.12,11225.645,2025-05-03 16:29:59.999,1662410.85018
2025-05-03 16:30:00,148.12,148.12,147.31,147.77,24891.564,2025-05-03 16:44:59.999,3673854.95311
2025-05-03 16:45:00,147.77,147.77,147.26,147.38,16771.399,2025-05-03 16:59:59.999,2474719.19536
2025-05-03 17:00:00,147.38,147.38,146.1,146.44,45969.475,2025-05-03 17:14:59.999,6734395.88382
2025-05-03 17:15:00,146.45,146.49,145.82,146.45,37521.226,2025-05-03 17:29:59.999,5482690.08548
2025-05-03 17:30:00,146.45,146.45,146.0,146.14,11764.236,2025-05-03 17:44:59.999,1719650.72606
2025-05-03 17:45:00,146.13,146.84,146.13,146.81,11941.761,2025-05-03 17:59:59.999,1749887.69751
2025-05-03 18:00:00,146.81,147.07,146.54,147.01,17614.876,2025-05-03 18:14:59.999,2585065.3212
2025-05-03 18:15:00,147.01,147.38,146.95,147.1,10231.228,2025-05-03 18:29:59.999,1505536.25797
2025-05-03 18:30:00,147.09,147.09,146.48,146.48,8275.751,2025-05-03 18:44:59.999,1214152.12022
2025-05-03 18:45:00,146.49,146.78,146.44,146.7,10250.521,2025-05-03 18:59:59.999,1502768.50165
2025-05-03 19:00:00,146.69,147.12,146.53,146.91,10182.077,2025-05-03 19:14:59.999,1495043.32186
2025-05-03 19:15:00,146.91,147.3,146.9,147.29,7732.333,2025-05-03 19:29:59.999,1137281.2209
2025-05-03 19:30:00,147.3,147.4,147.09,147.16,6695.015,2025-05-03 19:44:59.999,985949.34232
2025-05-03 19:45:00,147.15,147.48,147.13,147.42,12319.924,2025-05-03 19:59:59.999,1814897.2079
2025-05-03 20:00:00,147.42,147.77,147.33,147.42,9895.457,2025-05-03 20:14:59.999,1459828.46122
2025-05-03 20:15:00,147.42,147.64,147.29,147.56,8728.742,2025-05-03 20:29:59.999,1287018.82055
2025-05-03 20:30:00,147.55,147.57,147.23,147.34,9411.155,2025-05-03 20:44:59.999,1387017.01468
2025-05-03 20:45:00,147.34,147.5,147.17,147.5,6860.065,2025-05-03 20:59:59.999,1010884.64791
2025-05-03 21:00:00,147.5,147.54,146.92,147.22,8535.673,2025-05-03 21:14:59.999,1255644.7941
2025-05-03 21:15:00,147.22,147.91,147.13,147.88,15985.459,2025-05-03 21:29:59.999,2358659.87355
2025-05-03 21:30:00,147.87,147.87,147.52,147.72,8477.178,2025-05-03 21:44:59.999,1252016.65173
2025-05-03 21:45:00,147.73,147.91,147.44,147.62,8387.475,2025-05-03 21:59:59.999,1238623.81227
2025-05-03 22:00:00,147.62,147.68,147.29,147.42,10890.061,2025-05-03 22:14:59.999,1606060.67062
2025-05-03 22:15:00,147.43,147.52,147.3,147.45,5476.531,2025-05-03 22:29:59.999,807361.86895
2025-05-03 22:30:00,147.45,147.74,147.45,147.7,4564.899,2025-05-03 22:44:59.999,673794.82111
2025-05-03 22:45:00,147.7,147.7,147.32,147.37,8124.888,2025-05-03 22:59:59.999,1198404.08104
2025-05-03 23:00:00,147.37,147.37,146.98,146.98,8480.102,2025-05-03 23:14:59.999,1247439.26
2025-05-03 23:15:00,146.99,147.14,146.71,146.76,8776.675,2025-05-03 23:29:59.999,1289614.28914
2025-05-03 23:30:00,146.77,146.98,146.63,146.81,10341.994,2025-05-03 23:44:59.999,1518150.62259
2025-05-03 23:45:00,146.82,146.96,146.64,146.71,8132.089,2025-05-03 23:59:59.999,1193643.48194
2025-05-04 00:00:00,146.71,147.03,146.55,146.87,15273.633,2025-05-04 00:14:59.999,2243241.95623
2025-05-04 00:15:00,146.87,147.09,146.54,146.56,10144.184,2025-05-04 00:29:59.999,1490114.80646
2025-05-04 00:30:00,146.56,146.74,146.19,146.2,11929.227,2025-05-04 00:44:59.999,1746830.39397
2025-05-04 00:45:00,146.19,146.54,146.02,146.41,14056.646,2025-05-04 00:59:59.999,2055237.25548
2025-05-04 01:00:00,146.41,146.83,146.13,146.82,10745.476,2025-05-04 01:14:59.999,1573702.54518
2025-05-04 01:15:00,146.82,147.01,146.59,146.91,8633.276,2025-05-04 01:29:59.999,1267666.24734
2025-05-04 01:30:00,146.92,147.05,146.25,146.26,11170.494,2025-05-04 01:44:59.999,1638329.23764
2025-05-04 01:45:00,146.26,147.22,145.88,147.05,19522.516,2025-05-04 01:59:59.999,2861342.30076
2025-05-04 02:00:00,147.05,147.71,146.9,147.57,13009.289,2025-05-04 02:14:59.999,1917202.69767
2025-05-04 02:15:00,147.58,147.58,147.02,147.15,5825.948,2025-05-04 02:29:59.999,857827.45725
2025-05-04 02:30:00,147.15,147.22,146.05,146.3,12977.581,2025-05-04 02:44:59.999,1901160.64244
2025-05-04 02:45:00,146.3,146.44,146.16,146.34,7009.92,2025-05-04 02:59:59.999,1025684.16661
2025-05-04 03:00:00,146.33,146.33,145.67,145.81,16719.989,2025-05-04 03:14:59.999,2438635.67446
2025-05-04 03:15:00,145.81,146.11,145.68,146.1,12094.709,2025-05-04 03:29:59.999,1764941.93278
2025-05-04 03:30:00,146.1,146.18,145.84,146.13,7596.549,2025-05-04 03:44:59.999,1109423.18879
2025-05-04 03:45:00,146.13,146.18,145.5,145.61,13303.433,2025-05-04 03:59:59.999,1939637.51146
2025-05-04 04:00:00,145.61,145.86,145.46,145.74,8924.279,2025-05-04 04:14:59.999,1299692.18107
2025-05-04 04:15:00,145.75,145.93,145.64,145.74,7140.747,2025-05-04 04:29:59.999,1041075.05387
2025-05-04 04:30:00,145.75,145.75,145.25,145.32,13289.532,2025-05-04 04:44:59.999,1932287.36462
2025-05-04 04:45:00,145.33,145.53,145.22,145.44,11029.356,2025-05-04 04:59:59.999,1603698.91021
2025-05-04 05:00:00,145.45,146.24,145.35,145.84,13994.872,2025-05-04 05:14:59.999,2041315.2325
2025-05-04 05:15:00,145.84,146.3,145.57,146.15,20368.408,2025-05-04 05:29:59.999,2973896.21101
2025-05-04 05:30:00,146.14,146.31,146.01,146.26,12463.958,2025-05-04 05:44:59.999,1821796.18421
2025-05-04 05:45:00,146.25,146.54,146.24,146.24,15788.83,2025-05-04 05:59:59.999,2311377.63023
2025-05-04 06:00:00,146.24,146.37,145.83,145.93,16452.369,2025-05-04 06:14:59.999,2403596.99363
2025-05-04 06:15:00,145.93,146.14,145.59,145.7,12843.825,2025-05-04 06:29:59.999,1872597.88401
2025-05-04 06:30:00,145.69,145.84,145.56,145.81,15744.974,2025-05-04 06:44:59.999,2294081.32474
2025-05-04 06:45:00,145.8,146.02,145.56,145.65,14699.754,2025-05-04 06:59:59.999,2142879.07796
2025-05-04 07:00:00,145.65,145.93,145.37,145.93,15338.362,2025-05-04 07:14:59.999,2232156.8173
2025-05-04 07:15:00,145.92,146.01,145.38,145.58,15326.045,2025-05-04 07:29:59.999,2233154.09876
2025-05-04 07:30:00,145.58,145.59,145.17,145.27,15940.791,2025-05-04 07:44:59.999,2316149.49383
2025-05-04 07:45:00,145.27,145.62,145.26,145.62,26019.535,2025-05-04 07:59:59.999,3783901.92563
2025-05-04 08:00:00,145.62,145.76,145.53,145.72,11852.342,2025-05-04 08:14:59.999,1725816.55372
2025-05-04 08:15:00,145.73,145.73,145.46,145.63,16496.32,2025-05-04 08:29:59.999,2401542.48744
2025-05-04 08:30:00,145.63,145.96,145.32,145.33,45098.003,2025-05-04 08:44:59.999,6560977.16199
2025-05-04 08:45:00,145.33,145.51,145.07,145.32,16884.28,2025-05-04 08:59:59.999,2452319.23646
2025-05-04 09:00:00,145.31,145.32,144.8,145.09,33022.998,2025-05-04 09:14:59.999,4789601.53778
2025-05-04 09:15:00,145.08,145.18,144.7,144.83,20442.469,2025-05-04 09:29:59.999,2960441.35271
2025-05-04 09:30:00,144.83,145.28,144.68,145.05,16518.152,2025-05-04 09:44:59.999,2395596.72431
2025-05-04 09:45:00,145.05,145.22,144.88,144.92,8650.307,2025-05-04 09:59:59.999,1254535.48306
2025-05-04 10:00:00,144.92,145.18,144.89,145.13,8739.427,2025-05-04 10:14:59.999,1267436.55539
2025-05-04 10:15:00,145.12,145.3,144.75,145.28,20521.912,2025-05-04 10:29:59.999,2976795.29426
2025-05-04 10:30:00,145.28,145.57,145.17,145.43,10085.685,2025-05-04 10:44:59.999,1466303.41784
2025-05-04 10:45:00,145.42,145.52,145.2,145.44,19980.263,2025-05-04 10:59:59.999,2904865.08676
2025-05-04 11:00:00,145.43,145.91,145.3,145.9,83489.968,2025-05-04 11:14:59.999,12158478.92179
2025-05-04 11:15:00,145.89,146.01,145.63,145.64,51750.208,2025-05-04 11:29:59.999,7549474.60887
2025-05-04 11:30:00,145.65,145.68,145.4,145.53,17665.187,2025-05-04 11:44:59.999,2570013.614
2025-05-04 11:45:00,145.54,145.58,145.18,145.45,7241.567,2025-05-04 11:59:59.999,1052939.83081
2025-05-04 12:00:00,145.46,145.84,145.45,145.84,8161.163,2025-05-04 12:14:59.999,1188947.30212
2025-05-04 12:15:00,145.84,145.94,145.54,145.75,9100.793,2025-05-04 12:29:59.999,1326615.76728
2025-05-04 12:30:00,145.75,145.87,145.58,145.87,7681.468,2025-05-04 12:44:59.999,1119425.64293
2025-05-04 12:45:00,145.86,146.07,145.53,145.54,8683.461,2025-05-04 12:59:59.999,1266777.36281
2025-05-04 13:00:00,145.54,145.84,145.46,145.55,9204.286,2025-05-04 13:14:59.999,1340968.31675
2025-05-04 13:15:00,145.54,145.56,145.16,145.48,11821.681,2025-05-04 13:29:59.999,1718040.68447
2025-05-04 13:30:00,145.47,145.5,145.03,145.1,9983.83,2025-05-04 13:44:59.999,1450338.63448
2025-05-04 13:45:00,145.1,145.66,144.94,145.6,14679.212,2025-05-04 13:59:59.999,2133568.79625
2025-05-04 14:00:00,145.59,145.97,145.52,145.8,12626.152,2025-05-04 14:14:59.999,1841148.91125
2025-05-04 14:15:00,145.79,146.23,145.75,146.23,13468.863,2025-05-04 14:29:59.999,1967229.71995
2025-05-04 14:30:00,146.22,146.5,146.1,146.39,18806.582,2025-05-04 14:44:59.999,2751474.75146
2025-05-04 14:45:00,146.39,146.68,146.34,146.51,27366.6,2025-05-04 14:59:59.999,4009245.50824
2025-05-04 15:00:00,146.52,147.27,146.51,147.0,30709.251,2025-05-04 15:14:59.999,4511815.87886
2025-05-04 15:15:00,146.99,147.12,146.66,147.06,21159.955,2025-05-04 15:29:59.999,3108029.17924
2025-05-04 15:30:00,147.07,147.19,146.65,146.69,19985.841,2025-05-04 15:44:59.999,2935384.84352
2025-05-04 15:45:00,146.7,147.0,146.44,146.84,18431.187,2025-05-04 15:59:59.999,2706161.87291
2025-05-04 16:00:00,146.83,147.15,146.73,146.8,16731.154,2025-05-04 16:14:59.999,2459940.97901
2025-05-04 16:15:00,146.8,147.15,146.55,147.12,20122.449,2025-05-04 16:29:59.999,2955851.11858
2025-05-04 16:30:00,147.12,147.15,146.58,146.64,20893.416,2025-05-04 16:44:59.999,3069663.21208
2025-05-04 16:45:00,146.65,146.95,146.46,146.83,14725.424,2025-05-04 16:59:59.999,2160948.86269
2025-05-04 17:00:00,146.83,147.36,146.83,147.09,16152.041,2025-05-04 17:14:59.999,2375627.90668
2025-05-04 17:15:00,147.08,147.09,146.72,146.75,11691.522,2025-05-04 17:29:59.999,1717459.47024
2025-05-04 17:30:00,146.76,146.83,146.36,146.8,16354.884,2025-05-04 17:44:59.999,2397481.10013
2025-05-04 17:45:00,146.81,147.3,146.75,147.17,22918.354,2025-05-04 17:59:59.999,3370628.61674
2025-05-04 18:00:00,147.17,147.81,147.03,147.08,20810.169,2025-05-04 18:14:59.999,3069177.76163
2025-05-04 18:15:00,147.07,147.5,147.07,147.36,12616.905,2025-05-04 18:29:59.999,1858982.2859
2025-05-04 18:30:00,147.35,147.54,147.05,147.23,13366.121,2025-05-04 18:44:59.999,1968201.07204
2025-05-04 18:45:00,147.23,147.23,146.55,146.56,11851.141,2025-05-04 18:59:59.999,1740085.68452
2025-05-04 19:00:00,146.56,146.57,146.18,146.34,15903.789,2025-05-04 19:14:59.999,2327232.89424
2025-05-04 19:15:00,146.33,146.41,146.0,146.37,14956.195,2025-05-04 19:29:59.999,2186885.78475
2025-05-04 19:30:00,146.36,146.78,146.25,146.73,12520.173,2025-05-04 19:44:59.999,1834480.49453
2025-05-04 19:45:00,146.74,146.8,146.05,146.18,8744.671,2025-05-04 19:59:59.999,1279411.61943
2025-05-04 20:00:00,146.18,146.52,146.1,146.43,18296.059,2025-05-04 20:14:59.999,2676818.11407
2025-05-04 20:15:00,146.43,146.94,146.2,146.76,11532.936,2025-05-04 20:29:59.999,1691151.77554
2025-05-04 20:30:00,146.75,147.04,146.65,147.01,9856.315,2025-05-04 20:44:59.999,1447804.02422
2025-05-04 20:45:00,147.01,147.14,146.9,146.95,10097.034,2025-05-04 20:59:59.999,1484552.15956
2025-05-04 21:00:00,146.96,146.97,146.43,146.51,12190.263,2025-05-04 21:14:59.999,1788825.83778
2025-05-04 21:15:00,146.51,146.79,146.43,146.74,5556.674,2025-05-04 21:29:59.999,814661.03679
2025-05-04 21:30:00,146.74,146.82,146.63,146.81,5064.154,2025-05-04 21:44:59.999,743076.11336
2025-05-04 21:45:00,146.8,147.1,146.8,147.09,7794.949,2025-05-04 21:59:59.999,1145331.16864
2025-05-04 22:00:00,147.09,147.14,146.29,146.44,28286.072,2025-05-04 22:14:59.999,4147860.80128
2025-05-04 22:15:00,146.43,146.74,145.94,146.14,16167.399,2025-05-04 22:29:59.999,2363464.97589
2025-05-04 22:30:00,146.14,146.14,145.1,145.21,31805.09,2025-05-04 22:44:59.999,4627045.18283
2025-05-04 22:45:00,145.21,145.33,145.01,145.16,16507.911,2025-05-04 22:59:59.999,2396574.82548
2025-05-04 23:00:00,145.16,145.23,144.43,144.88,28726.498,2025-05-04 23:14:59.999,4158706.92843
2025-05-04 23:15:00,144.87,144.88,143.5,143.99,68157.214,2025-05-04 23:29:59.999,9823010.61588
2025-05-04 23:30:00,143.98,144.23,143.64,143.72,22336.398,2025-05-04 23:44:59.999,3214207.70916
2025-05-04 23:45:00,143.72,144.18,143.7,143.95,14937.259,2025-05-04 23:59:59.999,2149976.47042
2025-05-05 00:00:00,143.94,144.61,143.74,144.51,21422.547,2025-05-05 00:14:59.999,3087707.44929
2025-05-05 00:15:00,144.51,145.37,144.38,145.36,24031.991,2025-05-05 00:29:59.999,3479689.96859
2025-05-05 00:30:00,145.37,145.44,144.82,144.87,14009.934,2025-05-05 00:44:59.999,2033816.54345
2025-05-05 00:45:00,144.87,145.32,144.86,145.16,11573.305,2025-05-05 00:59:59.999,1679671.52748
2025-05-05 01:00:00,145.16,145.23,144.4,144.62,14015.666,2025-05-05 01:14:59.999,2029012.3659
2025-05-05 01:15:00,144.62,144.78,143.98,144.01,22779.648,2025-05-05 01:29:59.999,3287100.89316
2025-05-05 01:30:00,144.0,144.04,142.97,143.22,48298.735,2025-05-05 01:44:59.999,6924309.36759
2025-05-05 01:45:00,143.22,143.5,142.87,143.21,30794.91,2025-05-05 01:59:59.999,4409898.3418
2025-05-05 02:00:00,143.22,143.85,142.5,143.72,51617.854,2025-05-05 02:14:59.999,7388701.42788
2025-05-05 02:15:00,143.73,144.8,143.73,144.67,36054.381,2025-05-05 02:29:59.999,5206622.97129
2025-05-05 02:30:00,144.66,145.05,144.66,144.68,18067.208,2025-05-05 02:44:59.999,2617372.40575
2025-05-05 02:45:00,144.68,145.03,144.65,144.76,13151.47,2025-05-05 02:59:59.999,1904882.46611
2025-05-05 03:00:00,144.76,145.12,144.49,144.52,13229.379,2025-05-05 03:14:59.999,1914960.71203
2025-05-05 03:15:00,144.53,144.87,144.33,144.59,15320.853,2025-05-05 03:29:59.999,2215360.24674
2025-05-05 03:30:00,144.59,145.3,144.59,145.28,12510.982,2025-05-05 03:44:59.999,1814469.94681
2025-05-05 03:45:00,145.29,145.3,144.89,144.91,8308.639,2025-05-05 03:59:59.999,1204758.7463
2025-05-05 04:00:00,144.91,145.39,144.89,145.35,16452.351,2025-05-05 04:14:59.999,2388099.82434
2025-05-05 04:15:00,145.35,145.98,145.35,145.85,21884.908,2025-05-05 04:29:59.999,3188523.50456
2025-05-05 04:30:00,145.85,146.51,145.78,146.41,39442.692,2025-05-05 04:44:59.999,5767142.49271
2025-05-05 04:45:00,146.41,146.52,146.11,146.32,16105.865,2025-05-05 04:59:59.999,2355826.62097
2025-05-05 05:00:00,146.33,146.5,146.03,146.18,15921.532,2025-05-05 05:14:59.999,2329620.47123
2025-05-05 05:15:00,146.19,146.5,146.13,146.48,8591.501,2025-05-05 05:29:59.999,1257701.86444
2025-05-05 05:30:00,146.48,146.68,146.27,146.38,11012.783,2025-05-05 05:44:59.999,1613019.13969
2025-05-05 05:45:00,146.39,147.14,146.39,147.02,20314.849,2025-05-05 05:59:59.999,2981653.14502
2025-05-05 06:00:00,147.02,147.36,146.64,146.64,13279.368,2025-05-05 06:14:59.999,1951716.85336
2025-05-05 06:15:00,146.64,147.01,146.59,146.81,31537.499,2025-05-05 06:29:59.999,4630140.75462
2025-05-05 06:30:00,146.82,147.03,146.73,146.73,16548.328,2025-05-05 06:44:59.999,2430682.90116
2025-05-05 06:45:00,146.73,146.93,146.63,146.79,6033.35,2025-05-05 06:59:59.999,885554.41189
2025-05-05 07:00:00,146.8,146.9,146.53,146.77,14412.826,2025-05-05 07:14:59.999,2114457.85957
2025-05-05 07:15:00,146.77,147.23,146.77,146.93,14142.488,2025-05-05 07:29:59.999,2078808.98017
2025-05-05 07:30:00,146.92,147.08,146.77,146.88,21348.768,2025-05-05 07:44:59.999,3135204.52623
2025-05-05 07:45:00,146.87,146.9,146.69,146.88,9917.244,2025-05-05 07:59:59.999,1455832.68605
2025-05-05 08:00:00,146.88,147.05,146.51,146.59,12565.672,2025-05-05 08:14:59.999,1843984.18512
2025-05-05 08:15:00,146.6,146.76,146.37,146.4,12182.888,2025-05-05 08:29:59.999,1785750.76096
2025-05-05 08:30:00,146.4,146.99,146.34,146.92,12500.717,2025-05-05 08:44:59.999,1834184.0429
2025-05-05 08:45:00,146.92,147.03,146.47,146.6,9745.44,2025-05-05 08:59:59.999,1429362.06997
2025-05-05 09:00:00,146.61,146.71,146.38,146.38,12068.602,2025-05-05 09:14:59.999,1768218.77795
2025-05-05 09:15:00,146.38,146.71,146.34,146.61,11546.305,2025-05-05 09:29:59.999,1692012.54364
2025-05-05 09:30:00,146.62,146.78,146.38,146.44,8729.115,2025-05-05 09:44:59.999,1279357.62046
2025-05-05 09:45:00,146.44,146.5,146.08,146.11,12437.244,2025-05-05 09:59:59.999,1819122.57914
2025-05-05 10:00:00,146.11,146.19,145.56,145.59,21561.742,2025-05-05 10:14:59.999,3144393.97995
2025-05-05 10:15:00,145.59,145.65,144.97,145.0,26161.491,2025-05-05 10:29:59.999,3802046.68067
2025-05-05 10:30:00,145.0,145.27,144.29,144.31,33202.905,2025-05-05 10:44:59.999,4801983.41532
2025-05-05 10:45:00,144.3,144.42,143.7,144.19,24542.473,2025-05-05 10:59:59.999,3534985.51522
2025-05-05 11:00:00,144.18,144.63,144.12,144.5,20453.039,2025-05-05 11:14:59.999,2954293.02269
2025-05-05 11:15:00,144.5,144.63,143.76,143.96,23822.094,2025-05-05 11:29:59.999,3435799.3141
2025-05-05 11:30:00,143.96,144.13,143.56,143.85,17314.021,2025-05-05 11:44:59.999,2489485.38351
2025-05-05 11:45:00,143.85,144.35,143.83,144.19,15567.699,2025-05-05 11:59:59.999,2244140.93229
2025-05-05 12:00:00,144.18,144.67,143.87,144.67,18932.348,2025-05-05 12:14:59.999,2732763.77145
2025-05-05 12:15:00,144.67,145.0,144.41,144.9,21442.32,2025-05-05 12:29:59.999,3102506.07109
2025-05-05 12:30:00,144.91,144.95,144.67,144.72,10501.129,2025-05-05 12:44:59.999,1520294.47668
2025-05-05 12:45:00,144.73,144.73,144.25,144.63,15440.742,2025-05-05 12:59:59.999,2231373.29322
2025-05-05 13:00:00,144.62,144.87,144.02,144.17,13959.011,2025-05-05 13:14:59.999,2017248.38406
2025-05-05 13:15:00,144.17,144.59,144.02,144.13,15639.917,2025-05-05 13:29:59.999,2256942.69271
2025-05-05 13:30:00,144.12,144.59,143.41,144.05,35068.829,2025-05-05 13:44:59.999,5049429.77106
2025-05-05 13:45:00,144.06,144.92,143.88,144.91,35894.026,2025-05-05 13:59:59.999,5180813.84003
2025-05-05 14:00:00,144.91,145.42,144.62,144.68,42964.765,2025-05-05 14:14:59.999,6233893.94096
2025-05-05 14:15:00,144.68,145.03,144.32,144.51,27881.903,2025-05-05 14:29:59.999,4032427.61957
2025-05-05 14:30:00,144.52,145.0,144.11,144.63,50605.428,2025-05-05 14:44:59.999,7315947.6159
2025-05-05 14:45:00,144.64,144.97,144.48,144.53,15143.045,2025-05-05 14:59:59.999,2191685.25337
2025-05-05 15:00:00,144.53,144.73,144.14,144.43,17516.11,2025-05-05 15:14:59.999,2530314.64246
2025-05-05 15:15:00,144.43,144.79,144.02,144.53,12787.798,2025-05-05 15:29:59.999,1847933.15588
2025-05-05 15:30:00,144.52,144.79,143.61,143.67,26845.82,2025-05-05 15:44:59.999,3869870.52101
2025-05-05 15:45:00,143.67,143.77,143.16,143.76,28333.665,2025-05-05 15:59:59.999,4065442.56517
2025-05-05 16:00:00,143.76,144.36,143.68,144.06,18468.885,2025-05-05 16:14:59.999,2660018.15761
2025-05-05 16:15:00,144.06,145.27,144.05,145.13,41136.917,2025-05-05 16:29:59.999,5958423.0915
2025-05-05 16:30:00,145.13,145.43,145.02,145.25,15019.716,2025-05-05 16:44:59.999,2180655.52969
2025-05-05 16:45:00,145.25,145.42,144.9,145.01,16229.611,2025-05-05 16:59:59.999,2355507.6092
2025-05-05 17:00:00,145.0,145.15,144.71,144.72,22243.817,2025-05-05 17:14:59.999,3224547.45505
2025-05-05 17:15:00,144.72,145.49,144.69,145.25,17356.687,2025-05-05 17:29:59.999,2519610.47994
2025-05-05 17:30:00,145.25,146.05,145.22,145.71,33607.266,2025-05-05 17:44:59.999,4898059.21124
2025-05-05 17:45:00,145.72,145.93,145.66,145.8,15515.009,2025-05-05 17:59:59.999,2262135.26343
2025-05-05 18:00:00,145.8,146.06,145.62,146.06,15834.884,2025-05-05 18:14:59.999,2310506.32314
2025-05-05 18:15:00,146.05,146.1,145.79,146.0,12715.391,2025-05-05 18:29:59.999,1855684.38289
2025-05-05 18:30:00,145.99,147.13,145.99,146.73,52334.323,2025-05-05 18:44:59.999,7675206.55909
2025-05-05 18:45:00,146.73,147.14,146.48,146.7,34772.041,2025-05-05 18:59:59.999,5102772.49146
2025-05-05 19:00:00,146.7,147.04,146.65,146.88,19616.996,2025-05-05 19:14:59.999,2882449.07851
2025-05-05 19:15:00,146.88,147.08,146.71,146.83,47219.869,2025-05-05 19:29:59.999,6938961.4356
2025-05-05 19:30:00,146.83,146.99,146.48,146.68,24938.757,2025-05-05 19:44:59.999,3658304.51142
2025-05-05 19:45:00,146.68,146.89,146.36,146.48,20133.295,2025-05-05 19:59:59.999,2952672.17895
2025-05-05 20:00:00,146.48,146.6,146.15,146.24,16854.505,2025-05-05 20:14:59.999,2466980.41617
2025-05-05 20:15:00,146.23,146.58,146.03,146.12,14128.115,2025-05-05 20:29:59.999,2065696.56731
2025-05-05 20:30:00,146.11,146.11,145.06,145.25,24752.224,2025-05-05 20:44:59.999,3601430.15539
2025-05-05 20:45:00,145.24,145.73,144.95,145.59,12330.608,2025-05-05 20:59:59.999,1792156.11408
2025-05-05 21:00:00,145.59,146.41,145.56,146.4,17901.696,2025-05-05 21:14:59.999,2615093.01098
2025-05-05 21:15:00,146.41,146.92,146.29,146.86,14619.28,2025-05-05 21:29:59.999,2144120.73104
2025-05-05 21:30:00,146.86,146.86,146.13,146.61,13820.682,2025-05-05 21:44:59.999,2025588.89041
2025-05-05 21:45:00,146.61,147.02,146.57,146.69,12913.519,2025-05-05 21:59:59.999,1896461.41156
2025-05-05 22:00:00,146.68,147.12,146.67,147.03,13682.855,2025-05-05 22:14:59.999,2010824.95519
2025-05-05 22:15:00,147.04,147.29,146.95,147.06,16680.805,2025-05-05 22:29:59.999,2454286.27227
2025-05-05 22:30:00,147.05,147.73,147.05,147.39,24999.187,2025-05-05 22:44:59.999,3684502.77013
2025-05-05 22:45:00,147.39,147.53,147.24,147.34,15754.296,2025-05-05 22:59:59.999,2322197.59074
2025-05-05 23:00:00,147.33,147.53,147.33,147.33,17491.851,2025-05-05 23:14:59.999,2579129.13832
2025-05-05 23:15:00,147.33,147.57,146.99,147.13,38638.408,2025-05-05 23:29:59.999,5684425.23669
2025-05-05 23:30:00,147.14,147.24,146.91,146.94,15815.346,2025-05-05 23:44:59.999,2325247.46122
2025-05-05 23:45:00,146.94,146.95,146.57,146.72,57976.803,2025-05-05 23:59:59.999,8507031.90932
2025-05-06 00:00:00,146.72,146.83,145.99,146.21,95730.776,2025-05-06 00:14:59.999,14011327.56202
2025-05-06 00:15:00,146.22,146.5,145.97,146.5,28386.537,2025-05-06 00:29:59.999,4147786.48995
2025-05-06 00:30:00,146.5,146.54,145.83,145.92,12164.056,2025-05-06 00:44:59.999,1777658.22637
2025-05-06 00:45:00,145.92,146.14,145.79,146.13,7468.853,2025-05-06 00:59:59.999,1090042.1992
2025-05-06 01:00:00,146.14,146.44,145.5,146.14,15562.616,2025-05-06 01:14:59.999,2271930.16215
2025-05-06 01:15:00,146.13,146.45,145.92,145.93,13117.403,2025-05-06 01:29:59.999,1918759.34782
2025-05-06 01:30:00,145.92,145.97,145.02,145.05,16226.123,2025-05-06 01:44:59.999,2360858.91461
2025-05-06 01:45:00,145.05,145.15,144.64,144.75,18596.432,2025-05-06 01:59:59.999,2694066.8352
2025-05-06 02:00:00,144.75,144.99,144.53,144.7,20514.788,2025-05-06 02:14:59.999,2969070.89891
2025-05-06 02:15:00,144.71,144.71,143.8,143.92,29601.204,2025-05-06 02:29:59.999,4266091.55264
2025-05-06 02:30:00,143.92,144.4,143.8,144.14,20295.341,2025-05-06 02:44:59.999,2925480.06498
2025-05-06 02:45:00,144.14,144.73,144.12,144.41,19215.965,2025-05-06 02:59:59.999,2775982.20228
2025-05-06 03:00:00,144.4,144.47,144.13,144.17,15243.434,2025-05-06 03:14:59.999,2199034.02026
2025-05-06 03:15:00,144.16,144.61,144.16,144.59,15558.477,2025-05-06 03:29:59.999,2246105.66471
2025-05-06 03:30:00,144.59,144.83,144.5,144.6,22738.971,2025-05-06 03:44:59.999,3289476.00858
2025-05-06 03:45:00,144.6,144.79,144.31,144.63,16875.38,2025-05-06 03:59:59.999,2440502.57026
2025-05-06 04:00:00,144.63,144.64,144.32,144.43,13433.229,2025-05-06 04:14:59.999,1940751.95598
2025-05-06 04:15:00,144.42,144.95,144.41,144.94,13523.454,2025-05-06 04:29:59.999,1957675.22856
2025-05-06 04:30:00,144.94,145.03,144.7,144.79,11461.73,2025-05-06 04:44:59.999,1660444.11976
2025-05-06 04:45:00,144.8,144.99,144.73,144.95,9492.989,2025-05-06 04:59:59.999,1375248.20368
2025-05-06 05:00:00,144.95,145.26,144.89,145.19,11258.671,2025-05-06 05:14:59.999,1633312.99685
2025-05-06 05:15:00,145.19,145.26,144.51,144.67,10161.323,2025-05-06 05:29:59.999,1471599.59087
2025-05-06 05:30:00,144.68,144.78,144.4,144.52,7797.926,2025-05-06 05:44:59.999,1127342.58703
2025-05-06 05:45:00,144.52,144.63,144.4,144.5,10800.174,2025-05-06 05:59:59.999,1560975.79581
2025-05-06 06:00:00,144.49,145.0,144.49,144.93,11287.82,2025-05-06 06:14:59.999,1635271.8748
2025-05-06 06:15:00,144.92,145.09,144.76,144.86,11684.92,2025-05-06 06:29:59.999,1693872.54447
2025-05-06 06:30:00,144.87,145.17,144.65,145.16,8828.754,2025-05-06 06:44:59.999,1279522.32653
2025-05-06 06:45:00,145.16,145.35,144.93,145.34,9542.789,2025-05-06 06:59:59.999,1384931.46103
2025-05-06 07:00:00,145.34,145.88,145.34,145.65,21575.681,2025-05-06 07:14:59.999,3143353.13885
2025-05-06 07:15:00,145.64,145.64,145.26,145.3,18008.59,2025-05-06 07:29:59.999,2618325.67065
2025-05-06 07:30:00,145.31,145.76,144.93,145.13,14017.559,2025-05-06 07:44:59.999,2037796.06295
2025-05-06 07:45:00,145.13,145.38,145.08,145.28,21588.42,2025-05-06 07:59:59.999,3134739.31746
2025-05-06 08:00:00,145.27,145.28,144.5,144.56,15632.298,2025-05-06 08:14:59.999,2264466.6122
2025-05-06 08:15:00,144.56,144.58,143.68,144.01,40050.448,2025-05-06 08:29:59.999,5765045.2059
2025-05-06 08:30:00,144.02,144.47,144.01,144.38,19651.655,2025-05-06 08:44:59.999,2835828.71906
2025-05-06 08:45:00,144.38,144.67,144.34,144.64,11315.569,2025-05-06 08:59:59.999,1635685.95042
2025-05-06 09:00:00,144.63,144.63,144.19,144.2,14447.693,2025-05-06 09:14:59.999,2085670.61482
2025-05-06 09:15:00,144.2,144.28,144.01,144.23,8166.945,2025-05-06 09:29:59.999,1177053.45649
2025-05-06 09:30:00,144.23,144.38,143.7,143.72,10971.515,2025-05-06 09:44:59.999,1580562.30896
2025-05-06 09:45:00,143.72,144.42,143.51,144.35,20155.088,2025-05-06 09:59:59.999,2902971.68223
2025-05-06 10:00:00,144.36,144.36,143.81,143.85,12528.613,2025-05-06 10:14:59.999,1805323.57805
2025-05-06 10:15:00,143.86,144.33,143.71,143.72,14289.378,2025-05-06 10:29:59.999,2058120.93369
2025-05-06 10:30:00,143.71,144.07,143.38,143.41,25452.983,2025-05-06 10:44:59.999,3656887.86616
2025-05-06 10:45:00,143.41,143.48,142.9,143.09,51194.756,2025-05-06 10:59:59.999,7325475.45566
2025-05-06 11:00:00,143.08,143.65,143.08,143.4,25001.962,2025-05-06 11:14:59.999,3584835.68308
2025-05-06 11:15:00,143.39,143.51,142.72,142.86,66700.077,2025-05-06 11:29:59.999,9543632.21164
2025-05-06 11:30:00,142.85,142.94,142.34,142.74,49466.104,2025-05-06 11:44:59.999,7054429.88157
2025-05-06 11:45:00,142.74,142.86,142.0,142.57,39399.999,2025-05-06 11:59:59.999,5609719.72608
2025-05-06 12:00:00,142.57,143.08,142.5,142.93,65291.984,2025-05-06 12:14:59.999,9329397.86502
2025-05-06 12:15:00,142.93,143.0,142.5,142.59,26410.548,2025-05-06 12:29:59.999,3770360.6128
2025-05-06 12:30:00,142.6,142.92,142.47,142.8,23927.231,2025-05-06 12:44:59.999,3414361.65985
2025-05-06 12:45:00,142.8,143.13,142.61,142.99,20451.873,2025-05-06 12:59:59.999,2923861.17612
2025-05-06 13:00:00,142.98,143.04,142.1,142.21,31006.651,2025-05-06 13:14:59.999,4416153.07259
2025-05-06 13:15:00,142.21,142.5,141.71,141.76,32869.692,2025-05-06 13:29:59.999,4671346.02837
2025-05-06 13:30:00,141.76,142.87,141.72,142.64,40804.033,2025-05-06 13:44:59.999,5812326.90395
2025-05-06 13:45:00,142.64,142.82,141.41,141.93,36255.913,2025-05-06 13:59:59.999,5147604.62473
2025-05-06 14:00:00,141.93,143.17,141.91,142.9,32868.844,2025-05-06 14:14:59.999,4688756.13653
2025-05-06 14:15:00,142.9,143.96,142.9,143.43,36348.268,2025-05-06 14:29:59.999,5218201.47527
2025-05-06 14:30:00,143.44,143.72,142.99,143.0,21256.694,2025-05-06 14:44:59.999,3046034.40629
2025-05-06 14:45:00,143.0,143.2,142.52,142.71,21466.788,2025-05-06 14:59:59.999,3066000.01147
2025-05-06 15:00:00,142.7,142.89,142.14,142.87,17650.644,2025-05-06 15:14:59.999,2516145.55433
2025-05-06 15:15:00,142.87,143.61,142.61,143.54,17991.957,2025-05-06 15:29:59.999,2576156.28449
2025-05-06 15:30:00,143.54,143.94,143.3,143.36,23917.663,2025-05-06 15:44:59.999,3437321.71546
2025-05-06 15:45:00,143.36,143.51,142.96,143.18,13628.395,2025-05-06 15:59:59.999,1952022.1437
2025-05-06 16:00:00,143.18,143.62,142.5,143.49,23141.36,2025-05-06 16:14:59.999,3305426.57649
2025-05-06 16:15:00,143.49,143.53,142.8,143.19,44695.607,2025-05-06 16:29:59.999,6397184.8803
2025-05-06 16:30:00,143.18,143.88,143.05,143.08,38280.395,2025-05-06 16:44:59.999,5492715.0786
2025-05-06 16:45:00,143.09,143.22,142.42,142.46,19235.398,2025-05-06 16:59:59.999,2746556.60556
2025-05-06 17:00:00,142.47,143.39,142.45,143.32,25559.373,2025-05-06 17:14:59.999,3655254.96959
2025-05-06 17:15:00,143.31,143.97,143.3,143.87,24335.175,2025-05-06 17:29:59.999,3496217.43249
2025-05-06 17:30:00,143.87,144.37,143.41,143.46,28676.967,2025-05-06 17:44:59.999,4128926.78394
2025-05-06 17:45:00,143.46,143.81,143.38,143.67,11210.497,2025-05-06 17:59:59.999,1610066.61565
2025-05-06 18:00:00,143.67,144.1,143.6,143.89,12215.157,2025-05-06 18:14:59.999,1756753.94301
2025-05-06 18:15:00,143.89,144.84,143.88,144.71,22845.622,2025-05-06 18:29:59.999,3299792.86959
2025-05-06 18:30:00,144.7,144.7,144.12,144.19,16055.584,2025-05-06 18:44:59.999,2318664.36081
2025-05-06 18:45:00,144.19,144.89,144.17,144.85,29453.296,2025-05-06 18:59:59.999,4262615.51768
2025-05-06 19:00:00,144.84,145.15,144.54,144.77,38287.143,2025-05-06 19:14:59.999,5545341.30162
2025-05-06 19:15:00,144.77,145.06,144.54,145.02,18859.978,2025-05-06 19:29:59.999,2730844.80224
2025-05-06 19:30:00,145.02,145.28,144.9,145.12,15370.814,2025-05-06 19:44:59.999,2230587.72556
2025-05-06 19:45:00,145.12,145.18,144.66,144.85,13227.049,2025-05-06 19:59:59.999,1916801.77878
2025-05-06 20:00:00,144.85,145.03,144.66,144.79,14339.385,2025-05-06 20:14:59.999,2076967.59172
2025-05-06 20:15:00,144.8,144.92,144.23,144.25,15486.636,2025-05-06 20:29:59.999,2239871.62226
2025-05-06 20:30:00,144.26,144.37,143.74,143.96,24435.219,2025-05-06 20:44:59.999,3518715.07319
2025-05-06 20:45:00,143.97,144.13,143.64,144.01,14059.671,2025-05-06 20:59:59.999,2023384.41363
2025-05-06 21:00:00,144.01,144.57,144.0,144.2,21691.948,2025-05-06 21:14:59.999,3131544.21772
2025-05-06 21:15:00,144.19,144.38,143.52,143.57,18654.877,2025-05-06 21:29:59.999,2686249.22248
2025-05-06 21:30:00,143.57,144.26,143.54,144.22,23355.487,2025-05-06 21:44:59.999,3361761.70457
2025-05-06 21:45:00,144.22,144.65,144.22,144.49,10800.676,2025-05-06 21:59:59.999,1560762.65195
2025-05-06 22:00:00,144.48,146.49,144.44,145.78,73936.517,2025-05-06 22:14:59.999,10777301.1261
2025-05-06 22:15:00,145.78,146.6,145.71,146.58,39675.373,2025-05-06 22:29:59.999,5805462.91864
2025-05-06 22:30:00,146.57,146.79,146.09,146.44,33504.827,2025-05-06 22:44:59.999,4906614.27186
2025-05-06 22:45:00,146.44,146.52,145.92,146.13,85307.348,2025-05-06 22:59:59.999,12467221.69878
2025-05-06 23:00:00,146.12,146.22,145.57,145.89,44648.756,2025-05-06 23:14:59.999,6518335.2088
2025-05-06 23:15:00,145.89,146.62,145.86,146.42,31923.652,2025-05-06 23:29:59.999,4669113.47006
2025-05-06 23:30:00,146.41,146.85,146.15,146.85,19761.378,2025-05-06 23:44:59.999,2892976.26168
2025-05-06 23:45:00,146.85,147.23,146.69,146.88,40947.124,2025-05-06 23:59:59.999,6016907.47514
2025-05-07 00:00:00,146.89,147.23,146.65,147.22,31011.164,2025-05-07 00:14:59.999,4556001.96845
2025-05-07 00:15:00,147.22,149.01,147.18,148.74,112276.841,2025-05-07 00:29:59.999,16640770.61722
2025-05-07 00:30:00,148.75,149.2,148.25,148.54,49688.14,2025-05-07 00:44:59.999,7387662.00565
2025-05-07 00:45:00,148.55,149.05,148.39,149.03,45325.901,2025-05-07 00:59:59.999,6741181.40036
2025-05-07 01:00:00,149.04,149.54,148.69,148.91,43578.701,2025-05-07 01:14:59.999,6500290.93305
2025-05-07 01:15:00,148.9,149.26,148.67,149.19,20029.697,2025-05-07 01:29:59.999,2984700.49329
2025-05-07 01:30:00,149.19,149.19,148.41,148.47,22635.314,2025-05-07 01:44:59.999,3368496.24576
2025-05-07 01:45:00,148.48,148.74,148.06,148.34,20801.208,2025-05-07 01:59:59.999,3088407.74016
2025-05-07 02:00:00,148.34,148.62,147.56,147.92,73336.458,2025-05-07 02:14:59.999,10853546.92056
2025-05-07 02:15:00,147.92,148.11,147.68,147.84,27319.115,2025-05-07 02:29:59.999,4040477.78983
2025-05-07 02:30:00,147.83,147.92,147.27,147.29,18009.368,2025-05-07 02:44:59.999,2657528.50531
2025-05-07 02:45:00,147.28,147.44,146.62,146.77,28004.182,2025-05-07 02:59:59.999,4117369.05997
2025-05-07 03:00:00,146.78,146.83,146.14,146.19,23607.1,2025-05-07 03:14:59.999,3459671.22552
2025-05-07 03:15:00,146.18,146.19,145.43,146.01,23964.438,2025-05-07 03:29:59.999,3494060.05202
2025-05-07 03:30:00,146.02,146.39,145.9,146.23,21261.924,2025-05-07 03:44:59.999,3107535.86701
2025-05-07 03:45:00,146.23,146.29,145.93,146.24,16022.182,2025-05-07 03:59:59.999,2341591.89054
2025-05-07 04:00:00,146.23,146.77,146.23,146.77,13784.26,2025-05-07 04:14:59.999,2018625.19048
2025-05-07 04:15:00,146.76,146.77,146.36,146.37,11020.559,2025-05-07 04:29:59.999,1615571.05999
2025-05-07 04:30:00,146.36,146.39,145.94,146.03,12397.917,2025-05-07 04:44:59.999,1811845.35306
2025-05-07 04:45:00,146.02,146.28,145.83,146.18,11980.282,2025-05-07 04:59:59.999,1749957.55402
2025-05-07 05:00:00,146.18,146.26,145.84,146.1,8665.11,2025-05-07 05:14:59.999,1265780.92849
2025-05-07 05:15:00,146.09,146.13,145.75,145.88,7754.785,2025-05-07 05:29:59.999,1131627.61491
2025-05-07 05:30:00,145.87,146.12,145.6,145.6,7710.318,2025-05-07 05:44:59.999,1124135.65798
2025-05-07 05:45:00,145.6,145.75,145.43,145.55,12968.039,2025-05-07 05:59:59.999,1887872.46694
2025-05-07 06:00:00,145.55,146.25,145.49,146.24,11131.245,2025-05-07 06:14:59.999,1624980.48801
2025-05-07 06:15:00,146.24,146.28,145.75,145.91,21296.981,2025-05-07 06:29:59.999,3110440.51604
2025-05-07 06:30:00,145.91,146.0,145.66,145.78,9191.627,2025-05-07 06:44:59.999,1340454.58963
2025-05-07 06:45:00,145.77,146.11,145.57,146.03,8860.213,2025-05-07 06:59:59.999,1292585.38632
2025-05-07 07:00:00,146.03,146.37,146.02,146.3,10887.343,2025-05-07 07:14:59.999,1592064.99883
2025-05-07 07:15:00,146.31,146.57,146.23,146.56,14495.524,2025-05-07 07:29:59.999,2122730.2583
2025-05-07 07:30:00,146.55,146.86,146.42,146.85,14812.04,2025-05-07 07:44:59.999,2172122.8999
2025-05-07 07:45:00,146.86,147.32,146.84,147.27,20809.196,2025-05-07 07:59:59.999,3061330.1745
2025-05-07 08:00:00,147.27,147.39,146.93,147.03,22539.738,2025-05-07 08:14:59.999,3316560.87546
2025-05-07 08:15:00,147.03,147.26,147.0,147.17,13961.552,2025-05-07 08:29:59.999,2054713.25278
2025-05-07 08:30:00,147.16,147.77,147.08,147.75,26394.276,2025-05-07 08:44:59.999,3892603.43162
2025-05-07 08:45:00,147.75,147.96,147.59,147.84,34014.098,2025-05-07 08:59:59.999,5028089.63364
2025-05-07 09:00:00,147.85,148.29,147.79,147.89,46896.046,2025-05-07 09:14:59.999,6940624.98259
2025-05-07 09:15:00,147.89,148.08,147.63,147.71,11431.991,2025-05-07 09:29:59.999,1689520.29881
2025-05-07 09:30:00,147.7,147.99,147.54,147.87,12127.523,2025-05-07 09:44:59.999,1791670.85649
2025-05-07 09:45:00,147.87,147.97,147.8,147.85,6984.439,2025-05-07 09:59:59.999,1032889.8947
2025-05-07 10:00:00,147.85,147.94,147.61,147.64,10149.427,2025-05-07 10:14:59.999,1499587.28298
2025-05-07 10:15:00,147.64,147.77,147.48,147.5,12694.582,2025-05-07 10:29:59.999,1873964.39199
2025-05-07 10:30:00,147.49,147.84,147.37,147.83,12102.606,2025-05-07 10:44:59.999,1786802.21768
2025-05-07 10:45:00,147.83,147.91,147.67,147.76,9069.199,2025-05-07 10:59:59.999,1340311.43348
2025-05-07 11:00:00,147.77,147.84,147.48,147.72,17818.014,2025-05-07 11:14:59.999,2630597.37305
2025-05-07 11:15:00,147.72,147.81,147.53,147.56,12752.02,2025-05-07 11:29:59.999,1882944.45788
2025-05-07 11:30:00,147.57,147.79,147.46,147.74,11081.154,2025-05-07 11:44:59.999,1635767.53168
2025-05-07 11:45:00,147.75,147.76,147.46,147.59,15172.291,2025-05-07 11:59:59.999,2239672.68827
2025-05-07 12:00:00,147.6,147.74,147.18,147.18,32089.595,2025-05-07 12:14:59.999,4730709.6034
2025-05-07 12:15:00,147.18,147.6,146.99,147.09,59495.333,2025-05-07 12:29:59.999,8759422.17197
2025-05-07 12:30:00,147.09,147.23,146.8,146.84,13082.394,2025-05-07 12:44:59.999,1922684.37135
2025-05-07 12:45:00,146.83,147.36,146.83,147.19,13494.814,2025-05-07 12:59:59.999,1984639.84178
2025-05-07 13:00:00,147.19,147.19,146.63,146.64,17761.645,2025-05-07 13:14:59.999,2609377.65949
2025-05-07 13:15:00,146.64,146.82,146.33,146.48,18331.899,2025-05-07 13:29:59.999,2686761.46005
2025-05-07 13:30:00,146.48,147.43,146.41,147.3,29618.332,2025-05-07 13:44:59.999,4350827.90614
2025-05-07 13:45:00,147.31,147.31,146.45,146.86,19464.843,2025-05-07 13:59:59.999,2857729.54804
2025-05-07 14:00:00,146.87,147.33,146.7,147.02,20222.458,2025-05-07 14:14:59.999,2973048.25188
2025-05-07 14:15:00,147.02,147.53,146.9,147.45,17276.442,2025-05-07 14:29:59.999,2542786.91907
2025-05-07 14:30:00,147.45,147.53,147.0,147.03,18238.816,2025-05-07 14:44:59.999,2685609.59316
2025-05-07 14:45:00,147.04,147.04,145.8,146.08,31865.574,2025-05-07 14:59:59.999,4658520.803
2025-05-07 15:00:00,146.08,146.18,145.62,145.9,24960.952,2025-05-07 15:14:59.999,3641324.05125
2025-05-07 15:15:00,145.89,146.34,145.82,145.98,19721.782,2025-05-07 15:29:59.999,2881634.28307
2025-05-07 15:30:00,145.97,146.19,145.59,146.06,23659.595,2025-05-07 15:44:59.999,3453448.06892
2025-05-07 15:45:00,146.06,146.13,145.43,145.75,21441.567,2025-05-07 15:59:59.999,3123815.1661
2025-05-07 16:00:00,145.75,145.78,145.13,145.48,25469.187,2025-05-07 16:14:59.999,3702551.37519
2025-05-07 16:15:00,145.49,145.51,145.1,145.23,25927.808,2025-05-07 16:29:59.999,3766271.15872
2025-05-07 16:30:00,145.23,145.77,145.12,145.76,17697.474,2025-05-07 16:44:59.999,2573670.67187
2025-05-07 16:45:00,145.77,146.45,145.75,146.23,21546.307,2025-05-07 16:59:59.999,3149609.71194
2025-05-07 17:00:00,146.23,146.48,146.18,146.38,16693.846,2025-05-07 17:14:59.999,2442871.08735
2025-05-07 17:15:00,146.38,146.65,145.91,146.03,16045.722,2025-05-07 17:29:59.999,2345764.04199
2025-05-07 17:30:00,146.02,146.19,145.72,145.9,15721.597,2025-05-07 17:44:59.999,2294049.86173
2025-05-07 17:45:00,145.89,146.28,145.15,145.67,27176.516,2025-05-07 17:59:59.999,3959771.48644
2025-05-07 18:00:00,145.66,146.32,144.68,145.47,95319.152,2025-05-07 18:14:59.999,13855870.00766
2025-05-07 18:15:00,145.48,146.9,145.25,146.58,35267.4,2025-05-07 18:29:59.999,5159660.68001
2025-05-07 18:30:00,146.57,147.34,146.2,146.25,41167.761,2025-05-07 18:44:59.999,6046608.39177
2025-05-07 18:45:00,146.26,146.67,145.33,146.6,40665.565,2025-05-07 18:59:59.999,5936357.00217
2025-05-07 19:00:00,146.6,146.87,146.03,146.61,64300.392,2025-05-07 19:14:59.999,9424101.88119
2025-05-07 19:15:00,146.61,146.67,145.43,145.45,21688.354,2025-05-07 19:29:59.999,3168964.33545
2025-05-07 19:30:00,145.44,146.86,145.13,146.47,29702.474,2025-05-07 19:44:59.999,4332427.1884
2025-05-07 19:45:00,146.47,146.63,145.54,145.77,30801.89,2025-05-07 19:59:59.999,4495616.33378
2025-05-07 20:00:00,145.77,146.29,145.58,146.15,12244.532,2025-05-07 20:14:59.999,1786395.13676
2025-05-07 20:15:00,146.15,146.29,145.82,146.0,6447.151,2025-05-07 20:29:59.999,941482.46495
2025-05-07 20:30:00,146.01,146.15,145.48,145.71,8089.739,2025-05-07 20:44:59.999,1180082.15119
2025-05-07 20:45:00,145.71,146.37,145.57,146.36,12793.801,2025-05-07 20:59:59.999,1867065.22382
2025-05-07 21:00:00,146.37,146.76,146.17,146.63,12013.233,2025-05-07 21:14:59.999,1759481.96089
2025-05-07 21:15:00,146.63,147.4,146.63,147.39,20913.464,2025-05-07 21:29:59.999,3073249.71002
2025-05-07 21:30:00,147.4,147.88,146.96,147.33,24816.302,2025-05-07 21:44:59.999,3658903.37239
2025-05-07 21:45:00,147.34,147.5,147.07,147.33,11502.536,2025-05-07 21:59:59.999,1694336.70491
2025-05-07 22:00:00,147.34,147.89,147.19,147.62,19103.459,2025-05-07 22:14:59.999,2819683.13462
2025-05-07 22:15:00,147.62,147.67,147.24,147.53,18347.067,2025-05-07 22:29:59.999,2705440.78156
2025-05-07 22:30:00,147.54,147.84,147.48,147.84,30573.905,2025-05-07 22:44:59.999,4515376.26121
2025-05-07 22:45:00,147.83,147.99,147.63,147.77,63077.103,2025-05-07 22:59:59.999,9324721.17246
2025-05-07 23:00:00,147.77,148.35,147.67,148.18,96664.103,2025-05-07 23:14:59.999,14314743.50085
2025-05-07 23:15:00,148.18,148.3,147.76,147.76,25749.061,2025-05-07 23:29:59.999,3811575.83942
2025-05-07 23:30:00,147.76,147.92,147.39,147.45,24412.333,2025-05-07 23:44:59.999,3604756.967
2025-05-07 23:45:00,147.46,147.5,146.99,147.32,98074.881,2025-05-07 23:59:59.999,14438451.10929
2025-05-08 00:00:00,147.32,147.55,147.26,147.45,23073.841,2025-05-08 00:14:59.999,3401306.92696
2025-05-08 00:15:00,147.45,147.64,147.26,147.59,23153.48,2025-05-08 00:29:59.999,3413814.25867
2025-05-08 00:30:00,147.59,147.64,147.08,147.22,14944.366,2025-05-08 00:44:59.999,2202256.6784
2025-05-08 00:45:00,147.22,148.9,147.11,148.83,32098.61,2025-05-08 00:59:59.999,4756531.01726
2025-05-08 01:00:00,148.83,149.99,148.65,148.86,102659.146,2025-05-08 01:14:59.999,15334652.45273
2025-05-08 01:15:00,148.86,149.0,148.35,148.86,31877.272,2025-05-08 01:29:59.999,4743332.46842
2025-05-08 01:30:00,148.86,148.94,148.39,148.54,22478.645,2025-05-08 01:44:59.999,3341002.50049
2025-05-08 01:45:00,148.54,148.75,147.93,148.12,25657.532,2025-05-08 01:59:59.999,3805571.92129
2025-05-08 02:00:00,148.13,148.9,148.04,148.87,23476.492,2025-05-08 02:14:59.999,3486584.37273
2025-05-08 02:15:00,148.86,149.94,148.74,149.9,42352.088,2025-05-08 02:29:59.999,6323305.30339
2025-05-08 02:30:00,149.89,150.32,149.67,149.91,60484.286,2025-05-08 02:44:59.999,9073150.65464
2025-05-08 02:45:00,149.9,150.3,149.75,149.82,29247.928,2025-05-08 02:59:59.999,4388843.34968
2025-05-08 03:00:00,149.82,150.42,149.57,150.15,36957.596,2025-05-08 03:14:59.999,5545388.25885
2025-05-08 03:15:00,150.16,150.45,149.96,150.15,30796.105,2025-05-08 03:29:59.999,4625175.13975
2025-05-08 03:30:00,150.16,150.95,149.87,150.95,40651.4,2025-05-08 03:44:59.999,6111616.89177
2025-05-08 03:45:00,150.95,151.19,150.28,150.87,46409.373,2025-05-08 03:59:59.999,6993258.8172
2025-05-08 04:00:00,150.88,151.93,150.76,151.43,89011.978,2025-05-08 04:14:59.999,13471678.62919
2025-05-08 04:15:00,151.43,151.97,151.26,151.66,69818.624,2025-05-08 04:29:59.999,10588820.605
2025-05-08 04:30:00,151.66,151.75,151.19,151.22,41243.024,2025-05-08 04:44:59.999,6248820.28325
2025-05-08 04:45:00,151.22,151.39,150.86,150.87,157745.592,2025-05-08 04:59:59.999,23850638.38544
2025-05-08 05:00:00,150.87,151.33,150.54,150.55,77285.885,2025-05-08 05:14:59.999,11661570.65373
2025-05-08 05:15:00,150.56,150.57,149.97,150.41,109854.694,2025-05-08 05:29:59.999,16502985.57032
2025-05-08 05:30:00,150.41,150.57,150.22,150.44,31112.434,2025-05-08 05:44:59.999,4679025.88278
2025-05-08 05:45:00,150.45,150.49,150.12,150.16,15804.138,2025-05-08 05:59:59.999,2375546.93886
2025-05-08 06:00:00,150.15,150.46,150.1,150.45,19044.143,2025-05-08 06:14:59.999,2861573.53175
2025-05-08 06:15:00,150.44,150.51,150.3,150.37,14743.538,2025-05-08 06:29:59.999,2217443.20465
2025-05-08 06:30:00,150.37,150.51,150.3,150.47,12564.732,2025-05-08 06:44:59.999,1889942.33283
2025-05-08 06:45:00,150.48,150.73,150.33,150.62,23204.081,2025-05-08 06:59:59.999,3493284.28291
2025-05-08 07:00:00,150.63,151.07,150.55,150.97,24683.367,2025-05-08 07:14:59.999,3723260.59508
2025-05-08 07:15:00,150.97,151.48,150.92,151.48,31369.585,2025-05-08 07:29:59.999,4743250.97823
2025-05-08 07:30:00,151.47,151.95,151.28,151.76,36045.122,2025-05-08 07:44:59.999,5467759.53853
2025-05-08 07:45:00,151.76,151.95,151.55,151.57,32776.109,2025-05-08 07:59:59.999,4971906.67615
2025-05-08 08:00:00,151.57,152.51,151.53,152.15,52201.002,2025-05-08 08:14:59.999,7941512.58574
2025-05-08 08:15:00,152.16,152.56,152.14,152.33,28355.194,2025-05-08 08:29:59.999,4319567.02703
2025-05-08 08:30:00,152.33,152.99,152.16,152.94,49055.857,2025-05-08 08:44:59.999,7492270.74488
2025-05-08 08:45:00,152.95,153.34,152.7,152.84,46933.908,2025-05-08 08:59:59.999,7181195.69118
2025-05-08 09:00:00,152.85,152.96,152.53,152.64,28626.509,2025-05-08 09:14:59.999,4371817.39126
2025-05-08 09:15:00,152.64,153.1,152.58,152.76,29270.487,2025-05-08 09:29:59.999,4474262.37339
2025-05-08 09:30:00,152.75,153.29,152.72,153.29,26657.437,2025-05-08 09:44:59.999,4077269.00374
2025-05-08 09:45:00,153.29,154.89,153.29,154.64,77077.285,2025-05-08 09:59:59.999,11869844.45731
2025-05-08 10:00:00,154.64,155.19,154.37,154.59,79542.908,2025-05-08 10:14:59.999,12315540.90024
2025-05-08 10:15:00,154.59,155.28,154.59,155.11,42277.231,2025-05-08 10:29:59.999,6552685.64896
2025-05-08 10:30:00,155.11,155.27,154.62,154.75,43749.729,2025-05-08 10:44:59.999,6777831.37086
2025-05-08 10:45:00,154.75,155.13,154.67,154.88,26415.988,2025-05-08 10:59:59.999,4091628.87412
2025-05-08 11:00:00,154.87,154.97,154.43,154.65,29323.989,2025-05-08 11:14:59.999,4536148.82911
2025-05-08 11:15:00,154.65,154.72,153.81,153.89,72084.155,2025-05-08 11:29:59.999,11125817.00632
2025-05-08 11:30:00,153.88,154.34,153.71,154.19,42768.863,2025-05-08 11:44:59.999,6588754.88063
2025-05-08 11:45:00,154.2,154.64,154.19,154.57,21165.725,2025-05-08 11:59:59.999,3269150.23804
2025-05-08 12:00:00,154.57,154.75,154.18,154.49,29405.184,2025-05-08 12:14:59.999,4543097.69919
2025-05-08 12:15:00,154.49,155.22,154.47,155.21,33804.876,2025-05-08 12:29:59.999,5235580.57339
2025-05-08 12:30:00,155.22,155.85,154.69,154.8,62111.825,2025-05-08 12:44:59.999,9641013.11332
2025-05-08 12:45:00,154.8,155.38,154.47,154.58,56749.296,2025-05-08 12:59:59.999,8789262.99375
2025-05-08 13:00:00,154.57,155.08,154.54,154.82,24589.363,2025-05-08 13:14:59.999,3808059.6252
2025-05-08 13:15:00,154.83,155.31,154.82,155.21,32668.096,2025-05-08 13:29:59.999,5067266.39811
2025-05-08 13:30:00,155.21,155.67,154.72,155.11,45927.33,2025-05-08 13:44:59.999,7125926.80044
2025-05-08 13:45:00,155.11,155.28,154.49,154.97,47967.894,2025-05-08 13:59:59.999,7428872.56221
2025-05-08 14:00:00,154.98,155.29,154.26,154.39,33900.971,2025-05-08 14:14:59.999,5247522.51666
2025-05-08 14:15:00,154.39,155.58,154.38,155.57,66319.561,2025-05-08 14:29:59.999,10276133.80196
2025-05-08 14:30:00,155.57,156.99,155.57,156.64,141669.661,2025-05-08 14:44:59.999,22166965.33651
2025-05-08 14:45:00,156.65,158.65,156.45,157.07,216899.1,2025-05-08 14:59:59.999,34179398.48465
2025-05-08 15:00:00,157.07,158.42,156.93,158.32,82788.589,2025-05-08 15:14:59.999,13045771.20003
2025-05-08 15:15:00,158.31,160.76,157.9,159.88,362102.933,2025-05-08 15:29:59.999,57826315.12768
2025-05-08 15:30:00,159.89,163.18,159.04,161.59,334180.042,2025-05-08 15:44:59.999,53664112.50807
2025-05-08 15:45:00,161.6,162.23,159.48,160.24,232429.195,2025-05-08 15:59:59.999,37372033.47619
2025-05-08 16:00:00,160.23,160.76,159.44,160.48,131461.081,2025-05-08 16:14:59.999,21047082.98615
2025-05-08 16:15:00,160.48,161.07,159.49,159.53,58756.996,2025-05-08 16:29:59.999,9419207.6701
2025-05-08 16:30:00,159.53,160.48,159.43,160.28,52034.621,2025-05-08 16:44:59.999,8323717.41596
2025-05-08 16:45:00,160.28,160.34,159.76,159.97,40300.279,2025-05-08 16:59:59.999,6447355.81647
2025-05-08 17:00:00,159.97,160.05,159.33,159.59,41653.729,2025-05-08 17:14:59.999,6650411.84229
2025-05-08 17:15:00,159.58,160.26,159.58,159.92,43477.033,2025-05-08 17:29:59.999,6955710.10145
2025-05-08 17:30:00,159.93,160.14,158.76,158.9,112533.99,2025-05-08 17:44:59.999,17907546.66079
2025-05-08 17:45:00,158.91,159.24,158.52,158.71,142045.648,2025-05-08 17:59:59.999,22572089.05049
2025-05-08 18:00:00,158.71,159.86,158.71,159.49,148633.186,2025-05-08 18:14:59.999,23660679.07677
2025-05-08 18:15:00,159.5,160.18,159.43,160.12,82495.281,2025-05-08 18:29:59.999,13197762.79136
2025-05-08 18:30:00,160.11,160.38,159.93,160.08,40730.46,2025-05-08 18:44:59.999,6524084.39546
2025-05-08 18:45:00,160.09,160.25,159.76,159.94,47446.344,2025-05-08 18:59:59.999,7591566.48669
2025-05-08 19:00:00,159.94,160.28,159.82,159.92,48093.454,2025-05-08 19:14:59.999,7695423.66216
2025-05-08 19:15:00,159.92,160.75,159.77,160.15,38568.272,2025-05-08 19:29:59.999,6178769.46429
2025-05-08 19:30:00,160.16,160.3,159.7,159.95,21883.35,2025-05-08 19:44:59.999,3501400.82594
2025-05-08 19:45:00,159.95,160.53,159.76,160.53,54473.822,2025-05-08 19:59:59.999,8723095.08632
2025-05-08 20:00:00,160.54,161.39,159.98,160.0,58519.817,2025-05-08 20:14:59.999,9409130.70515
2025-05-08 20:15:00,160.0,160.84,159.75,160.77,24751.084,2025-05-08 20:29:59.999,3967695.98397
2025-05-08 20:30:00,160.77,162.28,160.61,161.66,76733.748,2025-05-08 20:44:59.999,12388820.8609
2025-05-08 20:45:00,161.66,163.45,161.41,162.85,89649.955,2025-05-08 20:59:59.999,14577218.30586
2025-05-08 21:00:00,162.85,162.92,160.96,161.97,79037.45,2025-05-08 21:14:59.999,12772939.64698
2025-05-08 21:15:00,161.97,164.0,161.72,161.92,123123.633,2025-05-08 21:29:59.999,20046439.80549
2025-05-08 21:30:00,161.92,162.44,160.38,160.83,181674.185,2025-05-08 21:44:59.999,29330447.28384
2025-05-08 21:45:00,160.82,161.56,160.18,160.95,71977.225,2025-05-08 21:59:59.999,11576155.49855
2025-05-08 22:00:00,160.96,161.38,160.37,160.71,42887.579,2025-05-08 22:14:59.999,6897535.21092
2025-05-08 22:15:00,160.71,161.45,160.64,161.2,37311.859,2025-05-08 22:29:59.999,6010539.3705
2025-05-08 22:30:00,161.2,161.63,160.7,161.63,33165.558,2025-05-08 22:44:59.999,5342184.85795
2025-05-08 22:45:00,161.64,161.66,160.98,161.46,19945.612,2025-05-08 22:59:59.999,3217414.00321
2025-05-08 23:00:00,161.47,162.17,161.1,162.13,31274.449,2025-05-08 23:14:59.999,5054964.76321
2025-05-08 23:15:00,162.13,163.04,162.07,162.68,91753.054,2025-05-08 23:29:59.999,14930203.58603
2025-05-08 23:30:00,162.69,163.79,162.54,163.73,51077.676,2025-05-08 23:44:59.999,8337408.11956
2025-05-08 23:45:00,163.73,164.6,163.24,164.46,51506.799,2025-05-08 23:59:59.999,8435400.31053
2025-05-09 00:00:00,164.46,164.46,163.3,163.64,58867.088,2025-05-09 00:14:59.999,9638105.79524
2025-05-09 00:15:00,163.63,164.32,162.96,162.99,41119.211,2025-05-09 00:29:59.999,6725754.29091
2025-05-09 00:30:00,162.98,163.19,162.35,162.78,49509.143,2025-05-09 00:44:59.999,8055985.54705
2025-05-09 00:45:00,162.79,163.09,162.38,162.39,34794.597,2025-05-09 00:59:59.999,5663256.56338
2025-05-09 01:00:00,162.38,163.03,162.01,162.95,49323.73,2025-05-09 01:14:59.999,8009014.56786
2025-05-09 01:15:00,162.94,163.63,162.21,162.65,44356.89,2025-05-09 01:29:59.999,7230539.97499
2025-05-09 01:30:00,162.64,163.0,162.28,162.95,27597.571,2025-05-09 01:44:59.999,4488855.25897
2025-05-09 01:45:00,162.95,163.66,162.68,163.56,32733.639,2025-05-09 01:59:59.999,5344478.88505
2025-05-09 02:00:00,163.56,163.58,162.98,163.09,29047.302,2025-05-09 02:14:59.999,4743652.54921
2025-05-09 02:15:00,163.1,163.48,162.38,162.4,76780.968,2025-05-09 02:29:59.999,12486600.75508
2025-05-09 02:30:00,162.4,162.69,162.19,162.61,28609.264,2025-05-09 02:44:59.999,4647206.65076
2025-05-09 02:45:00,162.61,163.07,162.27,162.52,26458.134,2025-05-09 02:59:59.999,4304193.27441
2025-05-09 03:00:00,162.51,163.31,162.1,163.04,34719.877,2025-05-09 03:14:59.999,5649293.94101
2025-05-09 03:15:00,163.05,163.35,162.73,162.79,26771.626,2025-05-09 03:29:59.999,4363513.26482
2025-05-09 03:30:00,162.8,162.81,161.77,161.83,51928.946,2025-05-09 03:44:59.999,8418408.60248
2025-05-09 03:45:00,161.83,162.21,161.34,161.37,32225.316,2025-05-09 03:59:59.999,5213055.43634
2025-05-09 04:00:00,161.37,162.03,161.14,161.9,41601.011,2025-05-09 04:14:59.999,6723018.18443
2025-05-09 04:15:00,161.89,162.03,161.36,161.49,25801.227,2025-05-09 04:29:59.999,4170979.36711
2025-05-09 04:30:00,161.49,161.78,161.07,161.78,19652.489,2025-05-09 04:44:59.999,3171591.81468
2025-05-09 04:45:00,161.78,161.98,161.65,161.86,19684.069,2025-05-09 04:59:59.999,3184874.18145
2025-05-09 05:00:00,161.87,162.45,161.73,162.24,26650.132,2025-05-09 05:14:59.999,4320780.97871
2025-05-09 05:15:00,162.23,162.86,162.18,162.64,26027.149,2025-05-09 05:29:59.999,4230600.08362
2025-05-09 05:30:00,162.64,162.82,162.35,162.72,28699.745,2025-05-09 05:44:59.999,4668104.75828
2025-05-09 05:45:00,162.71,162.87,162.4,162.86,18552.352,2025-05-09 05:59:59.999,3017307.89485
2025-05-09 06:00:00,162.87,163.02,162.47,162.52,23978.683,2025-05-09 06:14:59.999,3902632.77395
2025-05-09 06:15:00,162.52,163.59,162.5,163.09,73718.225,2025-05-09 06:29:59.999,12034842.38079
2025-05-09 06:30:00,163.08,163.7,163.05,163.61,51156.328,2025-05-09 06:44:59.999,8358141.97458
2025-05-09 06:45:00,163.61,164.3,163.34,164.27,34733.746,2025-05-09 06:59:59.999,5694522.93372
2025-05-09 07:00:00,164.26,164.98,164.07,164.66,94958.717,2025-05-09 07:14:59.999,15630781.72732
2025-05-09 07:15:00,164.67,165.73,164.33,165.14,90926.32,2025-05-09 07:29:59.999,15006164.37071
2025-05-09 07:30:00,165.14,166.59,164.5,165.63,112002.465,2025-05-09 07:44:59.999,18520593.65732
2025-05-09 07:45:00,165.64,166.91,164.77,165.08,138396.142,2025-05-09 07:59:59.999,22935224.47051
2025-05-09 08:00:00,165.08,167.24,164.87,166.35,106494.43,2025-05-09 08:14:59.999,17699142.30046
2025-05-09 08:15:00,166.34,168.99,166.19,168.11,167337.206,2025-05-09 08:29:59.999,28062444.32058
2025-05-09 08:30:00,168.11,169.9,164.76,165.35,343777.498,2025-05-09 08:44:59.999,57677102.94279
2025-05-09 08:45:00,165.36,167.49,165.31,166.37,124903.003,2025-05-09 08:59:59.999,20793156.27276
2025-05-09 09:00:00,166.38,167.98,165.03,165.68,136185.412,2025-05-09 09:14:59.999,22646487.70518
2025-05-09 09:15:00,165.68,166.3,164.3,164.78,100227.454,2025-05-09 09:29:59.999,16556382.61683
2025-05-09 09:30:00,164.79,166.26,164.74,165.77,55935.528,2025-05-09 09:44:59.999,9268733.64213
2025-05-09 09:45:00,165.78,166.53,165.35,166.45,53407.172,2025-05-09 09:59:59.999,8865493.47799
2025-05-09 10:00:00,166.45,168.73,166.17,168.44,93878.716,2025-05-09 10:14:59.999,15725839.97247
2025-05-09 10:15:00,168.45,168.57,167.07,167.66,60620.11,2025-05-09 10:29:59.999,10168656.26126
2025-05-09 10:30:00,167.66,169.26,167.29,169.14,78453.048,2025-05-09 10:44:59.999,13203626.97321
2025-05-09 10:45:00,169.14,174.67,169.1,173.98,366565.733,2025-05-09 10:59:59.999,63082432.86953
2025-05-09 11:00:00,173.97,174.92,172.49,173.57,170740.034,2025-05-09 11:14:59.999,29646387.52015
2025-05-09 11:15:00,173.58,176.15,171.24,172.37,317291.274,2025-05-09 11:29:59.999,55251921.19277
2025-05-09 11:30:00,172.37,174.69,171.96,174.38,125516.631,2025-05-09 11:44:59.999,21731879.15182
2025-05-09 11:45:00,174.38,174.69,172.11,172.32,66307.48,2025-05-09 11:59:59.999,11489224.96992
2025-05-09 12:00:00,172.33,172.4,169.59,170.76,122570.187,2025-05-09 12:14:59.999,20943764.50837
2025-05-09 12:15:00,170.77,172.0,170.34,171.8,154733.552,2025-05-09 12:29:59.999,26514967.29485
2025-05-09 12:30:00,171.79,172.82,171.58,172.05,78666.592,2025-05-09 12:44:59.999,13546722.0953
2025-05-09 12:45:00,172.05,172.64,171.88,172.51,61308.979,2025-05-09 12:59:59.999,10560249.74703
2025-05-09 13:00:00,172.51,172.9,172.07,172.14,60640.244,2025-05-09 13:14:59.999,10457779.35255
2025-05-09 13:15:00,172.15,172.35,171.27,171.71,38365.469,2025-05-09 13:29:59.999,6585067.89157
2025-05-09 13:30:00,171.7,172.46,170.84,172.18,61995.118,2025-05-09 13:44:59.999,10656710.14525
2025-05-09 13:45:00,172.18,173.44,172.0,172.7,77849.771,2025-05-09 13:59:59.999,13460768.74869
2025-05-09 14:00:00,172.7,172.7,170.96,171.74,66349.563,2025-05-09 14:14:59.999,11382066.08395
2025-05-09 14:15:00,171.74,171.83,168.58,168.7,147969.872,2025-05-09 14:29:59.999,25130332.80248
2025-05-09 14:30:00,168.71,169.92,167.36,169.09,180753.794,2025-05-09 14:44:59.999,30456352.34838
2025-05-09 14:45:00,169.09,169.49,167.68,169.33,55056.206,2025-05-09 14:59:59.999,9295518.80303
2025-05-09 15:00:00,169.33,170.21,168.85,170.11,70882.388,2025-05-09 15:14:59.999,12015448.75994
2025-05-09 15:15:00,170.1,170.39,168.51,169.33,64733.504,2025-05-09 15:29:59.999,10967053.54578
2025-05-09 15:30:00,169.32,170.03,168.62,169.75,48284.67,2025-05-09 15:44:59.999,8177148.32963
2025-05-09 15:45:00,169.76,171.75,169.22,170.75,138111.745,2025-05-09 15:59:59.999,23612641.04927
2025-05-09 16:00:00,170.76,170.93,168.59,169.74,101748.019,2025-05-09 16:14:59.999,17240251.26813
2025-05-09 16:15:00,169.75,170.77,169.35,170.03,39042.999,2025-05-09 16:29:59.999,6643185.53297
2025-05-09 16:30:00,170.04,170.78,169.93,170.19,39044.231,2025-05-09 16:44:59.999,6648949.81072
2025-05-09 16:45:00,170.19,170.53,168.72,169.05,51854.676,2025-05-09 16:59:59.999,8790385.66797
2025-05-09 17:00:00,169.06,170.91,168.67,170.54,53398.652,2025-05-09 17:14:59.999,9079867.69742
2025-05-09 17:15:00,170.53,172.02,170.49,172.0,95994.275,2025-05-09 17:29:59.999,16466726.35159
2025-05-09 17:30:00,172.0,172.2,171.2,171.4,54845.578,2025-05-09 17:44:59.999,9423503.47195
2025-05-09 17:45:00,171.4,172.13,171.39,171.97,29877.461,2025-05-09 17:59:59.999,5132974.85648
2025-05-09 18:00:00,171.96,172.0,171.18,171.74,25939.162,2025-05-09 18:14:59.999,4451205.24753
2025-05-09 18:15:00,171.73,172.28,171.26,171.82,27069.28,2025-05-09 18:29:59.999,4650872.32531
2025-05-09 18:30:00,171.82,172.2,171.77,171.9,22719.845,2025-05-09 18:44:59.999,3907528.27815
2025-05-09 18:45:00,171.91,172.5,171.7,171.74,23563.341,2025-05-09 18:59:59.999,4055020.33624
2025-05-09 19:00:00,171.75,172.58,171.66,171.72,32906.635,2025-05-09 19:14:59.999,5665013.82875
2025-05-09 19:15:00,171.71,171.72,170.71,171.54,40371.835,2025-05-09 19:29:59.999,6910826.11887
2025-05-09 19:30:00,171.54,171.8,171.14,171.61,14961.522,2025-05-09 19:44:59.999,2566453.83234
2025-05-09 19:45:00,171.61,171.93,171.17,171.89,19656.34,2025-05-09 19:59:59.999,3372023.45618
2025-05-09 20:00:00,171.9,172.38,171.54,172.05,22487.93,2025-05-09 20:14:59.999,3867591.19095
2025-05-09 20:15:00,172.05,172.56,172.0,172.55,28008.647,2025-05-09 20:29:59.999,4827413.25976
2025-05-09 20:30:00,172.55,172.63,172.06,172.53,13862.248,2025-05-09 20:44:59.999,2390302.5493
2025-05-09 20:45:00,172.52,173.02,172.17,173.0,15077.997,2025-05-09 20:59:59.999,2603790.63964
2025-05-09 21:00:00,173.0,173.04,172.29,172.34,17940.441,2025-05-09 21:14:59.999,3097672.64533
2025-05-09 21:15:00,172.35,172.68,171.15,171.89,75305.581,2025-05-09 21:29:59.999,12925221.69177
2025-05-09 21:30:00,171.89,172.67,171.78,171.84,23590.015,2025-05-09 21:44:59.999,4063300.54433
2025-05-09 21:45:00,171.84,172.69,171.71,172.64,18140.776,2025-05-09 21:59:59.999,3122356.57485
2025-05-09 22:00:00,172.64,172.97,172.1,172.16,15180.014,2025-05-09 22:14:59.999,2619376.73615
2025-05-09 22:15:00,172.17,173.27,172.1,173.2,19901.395,2025-05-09 22:29:59.999,3437617.31393
2025-05-09 22:30:00,173.19,173.3,172.64,173.08,15485.199,2025-05-09 22:44:59.999,2679364.58054
2025-05-09 22:45:00,173.08,173.57,172.95,173.32,22702.783,2025-05-09 22:59:59.999,3932899.74714
2025-05-09 23:00:00,173.33,173.81,173.02,173.29,24423.935,2025-05-09 23:14:59.999,4235045.68849
2025-05-09 23:15:00,173.29,173.49,172.85,173.1,26668.587,2025-05-09 23:29:59.999,4617028.22818
2025-05-09 23:30:00,173.09,173.39,172.36,172.46,26917.236,2025-05-09 23:44:59.999,4654004.93373
2025-05-09 23:45:00,172.47,172.93,172.43,172.78,12593.529,2025-05-09 23:59:59.999,2174475.01607
2025-05-10 00:00:00,172.77,174.5,172.77,174.18,41366.036,2025-05-10 00:14:59.999,7191435.33178
2025-05-10 00:15:00,174.18,175.19,173.17,173.18,72823.029,2025-05-10 00:29:59.999,12705067.95648
2025-05-10 00:30:00,173.17,173.25,171.83,172.0,40728.99,2025-05-10 00:44:59.999,7017516.73507
2025-05-10 00:45:00,172.0,172.0,170.66,171.39,51933.602,2025-05-10 00:59:59.999,8896379.05862
2025-05-10 01:00:00,171.38,171.92,171.27,171.41,31896.091,2025-05-10 01:14:59.999,5474246.94361
2025-05-10 01:15:00,171.4,172.14,171.34,172.09,19796.68,2025-05-10 01:29:59.999,3402391.59813
2025-05-10 01:30:00,172.08,172.52,171.92,172.2,21578.094,2025-05-10 01:44:59.999,3716733.36047
2025-05-10 01:45:00,172.21,172.52,171.21,171.7,32795.608,2025-05-10 01:59:59.999,5631826.39304
2025-05-10 02:00:00,171.7,172.13,171.56,172.07,19444.826,2025-05-10 02:14:59.999,3341715.60535
2025-05-10 02:15:00,172.07,172.22,171.27,172.0,22353.602,2025-05-10 02:29:59.999,3839286.60099
2025-05-10 02:30:00,171.99,172.52,171.64,172.32,23138.653,2025-05-10 02:44:59.999,3983065.0751
2025-05-10 02:45:00,172.31,172.66,172.04,172.14,14622.832,2025-05-10 02:59:59.999,2520045.13107
2025-05-10 03:00:00,172.13,172.18,171.56,171.85,13982.702,2025-05-10 03:14:59.999,2402794.54382
2025-05-10 03:15:00,171.85,172.1,171.61,171.93,8645.154,2025-05-10 03:29:59.999,1486342.7594
2025-05-10 03:30:00,171.92,172.0,171.08,171.6,18912.325,2025-05-10 03:44:59.999,3243747.95808
2025-05-10 03:45:00,171.6,171.82,171.38,171.59,15425.594,2025-05-10 03:59:59.999,2647268.41487
2025-05-10 04:00:00,171.59,171.59,170.17,170.58,33195.169,2025-05-10 04:14:59.999,5668334.82325
2025-05-10 04:15:00,170.58,170.94,170.23,170.47,24648.048,2025-05-10 04:29:59.999,4207620.09569
2025-05-10 04:30:00,170.48,170.72,170.14,170.71,16807.366,2025-05-10 04:44:59.999,2864712.48491
2025-05-10 04:45:00,170.71,170.96,170.54,170.85,10125.023,2025-05-10 04:59:59.999,1729232.83708
2025-05-10 05:00:00,170.86,171.0,170.22,170.41,20527.625,2025-05-10 05:14:59.999,3502097.59873
2025-05-10 05:15:00,170.41,170.64,170.13,170.35,19771.44,2025-05-10 05:29:59.999,3368525.20478
2025-05-10 05:30:00,170.34,170.82,169.76,170.76,18954.117,2025-05-10 05:44:59.999,3228432.84797
2025-05-10 05:45:00,170.77,171.3,170.66,171.2,17778.336,2025-05-10 05:59:59.999,3039925.96353
2025-05-10 06:00:00,171.2,172.07,171.15,171.68,34972.801,2025-05-10 06:14:59.999,6005481.84567
2025-05-10 06:15:00,171.68,172.32,171.62,172.13,28277.579,2025-05-10 06:29:59.999,4864715.41554
2025-05-10 06:30:00,172.14,172.23,171.42,171.47,30471.016,2025-05-10 06:44:59.999,5237720.30378
2025-05-10 06:45:00,171.46,172.12,171.09,172.1,23041.858,2025-05-10 06:59:59.999,3951296.10555
2025-05-10 07:00:00,172.1,172.32,171.74,171.86,34610.857,2025-05-10 07:14:59.999,5956272.54484
2025-05-10 07:15:00,171.86,172.0,171.21,171.47,22679.876,2025-05-10 07:29:59.999,3893096.40459
2025-05-10 07:30:00,171.47,171.85,171.3,171.47,20356.799,2025-05-10 07:44:59.999,3492823.67249
2025-05-10 07:45:00,171.47,172.54,171.35,172.32,31098.351,2025-05-10 07:59:59.999,5350699.68557
2025-05-10 08:00:00,172.32,173.31,172.2,172.41,58378.088,2025-05-10 08:14:59.999,10085861.74275
2025-05-10 08:15:00,172.42,173.08,172.01,173.08,31582.471,2025-05-10 08:29:59.999,5453646.17573
2025-05-10 08:30:00,173.09,173.4,172.7,172.97,30594.683,2025-05-10 08:44:59.999,5292537.14412
2025-05-10 08:45:00,172.98,173.04,171.18,171.63,76657.363,2025-05-10 08:59:59.999,13176018.51803
2025-05-10 09:00:00,171.64,171.69,170.55,170.82,71074.424,2025-05-10 09:14:59.999,12148846.81102
2025-05-10 09:15:00,170.82,171.75,170.66,171.4,40883.389,2025-05-10 09:29:59.999,7003823.7561
2025-05-10 09:30:00,171.41,172.05,171.09,171.41,35468.521,2025-05-10 09:44:59.999,6083737.71622
2025-05-10 09:45:00,171.41,171.95,171.4,171.68,21935.45,2025-05-10 09:59:59.999,3767392.15685
2025-05-10 10:00:00,171.68,172.29,171.17,171.97,56222.557,2025-05-10 10:14:59.999,9641224.2034
2025-05-10 10:15:00,171.98,172.14,171.35,171.39,19858.343,2025-05-10 10:29:59.999,3410913.47775
2025-05-10 10:30:00,171.39,171.71,171.17,171.29,22660.693,2025-05-10 10:44:59.999,3884835.4937
2025-05-10 10:45:00,171.29,171.73,170.29,170.3,38434.853,2025-05-10 10:59:59.999,6574283.72176
2025-05-10 11:00:00,170.3,170.71,169.97,170.66,38426.452,2025-05-10 11:14:59.999,6542151.6607
2025-05-10 11:15:00,170.66,170.68,169.92,170.0,28265.123,2025-05-10 11:29:59.999,4809206.48261
2025-05-10 11:30:00,170.0,170.01,168.72,168.93,56710.273,2025-05-10 11:44:59.999,9600925.30568
2025-05-10 11:45:00,168.93,169.45,168.91,169.0,43893.903,2025-05-10 11:59:59.999,7424941.68587
2025-05-10 12:00:00,169.0,170.31,169.0,170.25,41669.934,2025-05-10 12:14:59.999,7080075.78496
2025-05-10 12:15:00,170.25,170.79,170.0,170.6,34002.617,2025-05-10 12:29:59.999,5795482.22159
2025-05-10 12:30:00,170.6,170.83,170.17,170.23,32513.433,2025-05-10 12:44:59.999,5543090.66726
2025-05-10 12:45:00,170.23,171.35,170.22,171.16,36917.859,2025-05-10 12:59:59.999,6312792.49746
2025-05-10 13:00:00,171.16,171.54,171.11,171.48,21363.982,2025-05-10 13:14:59.999,3661052.68464
2025-05-10 13:15:00,171.48,171.65,170.98,171.45,22683.516,2025-05-10 13:29:59.999,3886066.12758
2025-05-10 13:30:00,171.46,171.53,171.06,171.26,17204.503,2025-05-10 13:44:59.999,2946785.99646
2025-05-10 13:45:00,171.27,172.0,171.17,171.72,27915.982,2025-05-10 13:59:59.999,4790560.40075
2025-05-10 14:00:00,171.72,172.03,170.77,171.0,36575.744,2025-05-10 14:14:59.999,6263681.34639
2025-05-10 14:15:00,170.99,171.06,170.28,170.75,16859.433,2025-05-10 14:29:59.999,2877071.23314
2025-05-10 14:30:00,170.76,171.43,170.75,171.35,13654.839,2025-05-10 14:44:59.999,2336567.90918
2025-05-10 14:45:00,171.34,171.75,171.3,171.69,17962.422,2025-05-10 14:59:59.999,3081323.70545
2025-05-10 15:00:00,171.7,171.84,171.27,171.39,20827.254,2025-05-10 15:14:59.999,3573518.55118
2025-05-10 15:15:00,171.39,171.55,171.02,171.38,19231.254,2025-05-10 15:29:59.999,3294491.51302
2025-05-10 15:30:00,171.39,171.65,170.93,171.49,30367.447,2025-05-10 15:44:59.999,5204894.03603
2025-05-10 15:45:00,171.49,171.84,170.92,171.07,25296.28,2025-05-10 15:59:59.999,4334342.93853
2025-05-10 16:00:00,171.07,171.45,170.86,171.17,18415.659,2025-05-10 16:14:59.999,3152485.54319
2025-05-10 16:15:00,171.16,172.2,171.12,171.49,36466.687,2025-05-10 16:29:59.999,6262863.1208
2025-05-10 16:30:00,171.5,172.46,171.38,171.89,28503.497,2025-05-10 16:44:59.999,4902209.73349
2025-05-10 16:45:00,171.9,171.9,171.44,171.85,30497.118,2025-05-10 16:59:59.999,5234639.34475
2025-05-10 17:00:00,171.84,172.55,171.53,172.44,40858.785,2025-05-10 17:14:59.999,7038252.49296
2025-05-10 17:15:00,172.43,173.15,172.26,172.65,41229.043,2025-05-10 17:29:59.999,7123931.46644
2025-05-10 17:30:00,172.65,173.83,172.6,173.17,60986.513,2025-05-10 17:44:59.999,10564884.37675
2025-05-10 17:45:00,173.17,173.53,171.77,171.8,87219.091,2025-05-10 17:59:59.999,15041907.53638
2025-05-10 18:00:00,171.8,172.47,171.57,172.18,34310.59,2025-05-10 18:14:59.999,5904382.1992
2025-05-10 18:15:00,172.18,172.46,171.32,171.67,22180.391,2025-05-10 18:29:59.999,3812791.16647
2025-05-10 18:30:00,171.68,171.81,171.11,171.73,17897.062,2025-05-10 18:44:59.999,3069584.21097
2025-05-10 18:45:00,171.73,172.5,171.58,172.5,23874.13,2025-05-10 18:59:59.999,4109475.52461
2025-05-10 19:00:00,172.5,172.78,171.63,171.63,19827.562,2025-05-10 19:14:59.999,3415147.45286
2025-05-10 19:15:00,171.63,172.35,171.57,171.96,15712.362,2025-05-10 19:29:59.999,2703437.72155
2025-05-10 19:30:00,171.97,172.51,171.9,172.37,19690.577,2025-05-10 19:44:59.999,3390015.36705
2025-05-10 19:45:00,172.37,172.45,171.99,172.22,25907.095,2025-05-10 19:59:59.999,4463726.07974
2025-05-10 20:00:00,172.22,172.29,171.41,172.29,32081.56,2025-05-10 20:14:59.999,5514559.50586
2025-05-10 20:15:00,172.3,172.58,171.99,172.45,36438.219,2025-05-10 20:29:59.999,6278600.21594
2025-05-10 20:30:00,172.44,172.95,172.31,172.93,33690.651,2025-05-10 20:44:59.999,5815504.614
2025-05-10 20:45:00,172.93,172.95,172.59,172.7,33434.452,2025-05-10 20:59:59.999,5778062.88282
2025-05-10 21:00:00,172.7,173.18,172.38,172.72,24189.589,2025-05-10 21:14:59.999,4176967.80254
2025-05-10 21:15:00,172.72,173.46,172.72,173.46,28581.246,2025-05-10 21:29:59.999,4950116.87851
2025-05-10 21:30:00,173.46,173.65,173.26,173.52,28589.998,2025-05-10 21:44:59.999,4960481.40096
2025-05-10 21:45:00,173.52,174.5,173.25,174.12,45779.425,2025-05-10 21:59:59.999,7961650.7567
2025-05-10 22:00:00,174.12,174.24,173.2,173.42,45235.801,2025-05-10 22:14:59.999,7854019.88885
2025-05-10 22:15:00,173.42,173.78,172.98,173.6,31601.135,2025-05-10 22:29:59.999,5479427.08604
2025-05-10 22:30:00,173.6,174.9,173.6,174.8,43320.508,2025-05-10 22:44:59.999,7556861.90241
2025-05-10 22:45:00,174.8,175.11,174.34,174.98,52808.664,2025-05-10 22:59:59.999,9229906.70396
2025-05-10 23:00:00,174.97,177.7,174.57,177.43,170385.505,2025-05-10 23:14:59.999,30054168.18593
2025-05-10 23:15:00,177.44,178.98,176.72,177.78,186725.091,2025-05-10 23:29:59.999,33226593.17816
2025-05-10 23:30:00,177.77,177.8,175.8,177.08,66004.637,2025-05-10 23:44:59.999,11672357.76911
2025-05-10 23:45:00,177.09,177.98,176.76,177.89,34405.372,2025-05-10 23:59:59.999,6104700.37096
2025-05-11 00:00:00,177.89,179.45,177.47,178.3,118863.82,2025-05-11 00:14:59.999,21248208.82692
2025-05-11 00:15:00,178.31,178.38,172.92,173.28,155788.113,2025-05-11 00:29:59.999,27411785.56865
2025-05-11 00:30:00,173.28,176.41,173.28,176.21,100100.467,2025-05-11 00:44:59.999,17544354.77364
2025-05-11 00:45:00,176.22,179.65,176.16,179.16,124314.862,2025-05-11 00:59:59.999,22166626.25319
2025-05-11 01:00:00,179.16,180.0,177.72,179.24,92940.607,2025-05-11 01:14:59.999,16642180.43835
2025-05-11 01:15:00,179.25,179.47,178.34,178.94,75181.458,2025-05-11 01:29:59.999,13453076.5476
2025-05-11 01:30:00,178.95,180.26,178.5,179.19,118236.71,2025-05-11 01:44:59.999,21233160.52751
2025-05-11 01:45:00,179.19,179.19,175.56,176.97,106179.992,2025-05-11 01:59:59.999,18817160.96923
2025-05-11 02:00:00,176.96,177.41,176.17,177.0,46511.207,2025-05-11 02:14:59.999,8223548.89828
2025-05-11 02:15:00,177.0,177.86,176.96,177.18,31069.829,2025-05-11 02:29:59.999,5513001.13855
2025-05-11 02:30:00,177.18,177.76,176.64,176.73,34689.062,2025-05-11 02:44:59.999,6151474.62325
2025-05-11 02:45:00,176.72,176.77,174.72,175.82,56333.75,2025-05-11 02:59:59.999,9896978.22713
2025-05-11 03:00:00,175.83,175.89,174.9,175.75,31746.114,2025-05-11 03:14:59.999,5570616.58176
2025-05-11 03:15:00,175.76,176.37,175.46,176.18,19988.358,2025-05-11 03:29:59.999,3517877.77029
2025-05-11 03:30:00,176.17,176.67,175.48,176.58,15587.065,2025-05-11 03:44:59.999,2744695.50156
2025-05-11 03:45:00,176.59,176.73,175.72,175.86,23824.969,2025-05-11 03:59:59.999,4198093.27895
2025-05-11 04:00:00,175.86,177.7,175.76,177.12,42264.587,2025-05-11 04:14:59.999,7479080.31296
2025-05-11 04:15:00,177.12,177.27,176.8,176.91,17928.49,2025-05-11 04:29:59.999,3173886.86011
2025-05-11 04:30:00,176.92,177.22,176.31,176.98,20647.004,2025-05-11 04:44:59.999,3649075.05525
2025-05-11 04:45:00,176.98,177.28,176.7,177.26,21733.164,2025-05-11 04:59:59.999,3845788.36782
2025-05-11 05:00:00,177.27,177.58,176.86,177.0,18231.051,2025-05-11 05:14:59.999,3230701.29461
2025-05-11 05:15:00,177.0,177.06,176.27,176.39,19612.987,2025-05-11 05:29:59.999,3465098.35721
2025-05-11 05:30:00,176.39,176.97,176.16,176.96,12730.936,2025-05-11 05:44:59.999,2249699.39288
2025-05-11 05:45:00,176.97,177.0,176.11,176.18,17507.988,2025-05-11 05:59:59.999,3088464.80135
2025-05-11 06:00:00,176.18,176.26,175.07,175.19,37765.438,2025-05-11 06:14:59.999,6629181.17017
2025-05-11 06:15:00,175.19,176.0,175.16,175.96,20528.498,2025-05-11 06:29:59.999,3607244.66545
2025-05-11 06:30:00,175.96,175.99,174.21,174.44,42170.264,2025-05-11 06:44:59.999,7382162.8853
2025-05-11 06:45:00,174.44,174.94,173.8,174.76,43665.153,2025-05-11 06:59:59.999,7611683.3012
2025-05-11 07:00:00,174.75,174.75,173.29,173.92,48565.438,2025-05-11 07:14:59.999,8437257.412
2025-05-11 07:15:00,173.92,174.05,173.34,173.63,33039.316,2025-05-11 07:29:59.999,5739125.15933
2025-05-11 07:30:00,173.64,173.95,172.29,172.37,49899.747,2025-05-11 07:44:59.999,8638907.38108
2025-05-11 07:45:00,172.36,173.16,172.36,172.6,30048.454,2025-05-11 07:59:59.999,5191136.38556
2025-05-11 08:00:00,172.61,173.75,172.58,173.66,28284.023,2025-05-11 08:14:59.999,4900641.58652
2025-05-11 08:15:00,173.67,173.96,173.4,173.4,36292.601,2025-05-11 08:29:59.999,6305373.44781
2025-05-11 08:30:00,173.4,173.86,172.62,173.85,28806.659,2025-05-11 08:44:59.999,4991591.50771
2025-05-11 08:45:00,173.85,173.86,172.89,173.0,17532.496,2025-05-11 08:59:59.999,3037019.32311
2025-05-11 09:00:00,172.99,174.15,172.81,174.13,25678.905,2025-05-11 09:14:59.999,4453780.35639
2025-05-11 09:15:00,174.14,174.39,173.72,174.39,24268.846,2025-05-11 09:29:59.999,4223770.88939
2025-05-11 09:30:00,174.39,174.57,174.08,174.34,17719.332,2025-05-11 09:44:59.999,3089582.59672
2025-05-11 09:45:00,174.34,175.04,174.32,174.41,19276.966,2025-05-11 09:59:59.999,3367503.31226
2025-05-11 10:00:00,174.41,174.56,173.75,173.85,12008.707,2025-05-11 10:14:59.999,2091261.4557
2025-05-11 10:15:00,173.85,174.42,173.3,174.42,17780.845,2025-05-11 10:29:59.999,3090669.1919
2025-05-11 10:30:00,174.42,174.8,174.0,174.02,13433.925,2025-05-11 10:44:59.999,2343284.64498
2025-05-11 10:45:00,174.02,174.65,173.81,174.63,17547.155,2025-05-11 10:59:59.999,3057795.81608
2025-05-11 11:00:00,174.63,174.86,174.15,174.25,16442.66,2025-05-11 11:14:59.999,2870135.49166
2025-05-11 11:15:00,174.25,174.5,173.97,174.49,13098.726,2025-05-11 11:29:59.999,2282959.40138
2025-05-11 11:30:00,174.48,174.7,174.15,174.63,14323.027,2025-05-11 11:44:59.999,2498537.42406
2025-05-11 11:45:00,174.62,174.88,174.21,174.76,18435.249,2025-05-11 11:59:59.999,3217206.63653
2025-05-11 12:00:00,174.76,175.22,174.5,174.74,30451.871,2025-05-11 12:14:59.999,5325633.29836
2025-05-11 12:15:00,174.73,174.92,173.92,174.05,43937.437,2025-05-11 12:29:59.999,7665806.05255
2025-05-11 12:30:00,174.06,174.13,173.59,173.95,22485.007,2025-05-11 12:44:59.999,3910501.76986
2025-05-11 12:45:00,173.94,174.41,173.7,174.06,12380.351,2025-05-11 12:59:59.999,2155017.46769
2025-05-11 13:00:00,174.06,174.66,173.95,174.51,16987.848,2025-05-11 13:14:59.999,2962047.70342
2025-05-11 13:15:00,174.5,174.5,172.83,172.97,30319.251,2025-05-11 13:29:59.999,5258666.97865
2025-05-11 13:30:00,172.97,173.12,171.72,172.1,68547.881,2025-05-11 13:44:59.999,11814637.22036
2025-05-11 13:45:00,172.1,172.52,170.86,170.93,67338.143,2025-05-11 13:59:59.999,11555537.01941
2025-05-11 14:00:00,170.94,171.79,170.94,171.5,39787.513,2025-05-11 14:14:59.999,6821180.06689
2025-05-11 14:15:00,171.5,171.55,170.83,171.25,30500.74,2025-05-11 14:29:59.999,5221268.76825
2025-05-11 14:30:00,171.25,172.12,171.09,172.05,41535.361,2025-05-11 14:44:59.999,7134598.55504
2025-05-11 14:45:00,172.05,172.13,171.65,171.91,18247.958,2025-05-11 14:59:59.999,3137162.05708
2025-05-11 15:00:00,171.9,172.91,171.64,172.81,25712.98,2025-05-11 15:14:59.999,4430820.32294
2025-05-11 15:15:00,172.81,172.95,171.36,171.57,25730.14,2025-05-11 15:29:59.999,4432792.11274
2025-05-11 15:30:00,171.58,171.96,170.98,171.17,28805.0,2025-05-11 15:44:59.999,4940258.54007
2025-05-11 15:45:00,171.17,171.54,169.35,170.48,80072.209,2025-05-11 15:59:59.999,13631385.21525
2025-05-11 16:00:00,170.48,170.67,169.4,170.43,41472.389,2025-05-11 16:14:59.999,7048982.56965
2025-05-11 16:15:00,170.42,171.52,169.78,171.52,33564.738,2025-05-11 16:29:59.999,5733710.48493
2025-05-11 16:30:00,171.51,171.74,170.62,170.87,19234.451,2025-05-11 16:44:59.999,3292803.7282
2025-05-11 16:45:00,170.86,170.86,170.23,170.54,17545.672,2025-05-11 16:59:59.999,2991743.1116
2025-05-11 17:00:00,170.53,171.47,170.2,171.4,42590.833,2025-05-11 17:14:59.999,7278925.86991
2025-05-11 17:15:00,171.4,171.61,170.71,171.16,19171.234,2025-05-11 17:29:59.999,3282670.14284
2025-05-11 17:30:00,171.16,171.85,171.04,171.84,17925.05,2025-05-11 17:44:59.999,3075004.96962
2025-05-11 17:45:00,171.84,171.93,171.22,171.9,40656.243,2025-05-11 17:59:59.999,6979449.50277
2025-05-11 18:00:00,171.89,172.02,171.27,171.39,20493.265,2025-05-11 18:14:59.999,3518658.59462
2025-05-11 18:15:00,171.38,171.85,171.21,171.33,11742.21,2025-05-11 18:29:59.999,2015211.66627
2025-05-11 18:30:00,171.33,173.04,170.83,172.47,39482.97,2025-05-11 18:44:59.999,6799387.29378
2025-05-11 18:45:00,172.47,173.26,172.44,172.67,43430.551,2025-05-11 18:59:59.999,7510413.25313
2025-05-11 19:00:00,172.67,172.77,172.19,172.7,19154.881,2025-05-11 19:14:59.999,3304250.92853
2025-05-11 19:15:00,172.71,173.05,172.6,173.05,15014.577,2025-05-11 19:29:59.999,2594844.24383
2025-05-11 19:30:00,173.05,173.43,172.85,173.02,22015.933,2025-05-11 19:44:59.999,3813071.58074
2025-05-11 19:45:00,173.02,173.28,172.56,172.73,16037.055,2025-05-11 19:59:59.999,2773539.0946
2025-05-11 20:00:00,172.72,172.81,171.68,172.74,23030.645,2025-05-11 20:14:59.999,3968931.46064
2025-05-11 20:15:00,172.73,172.77,172.41,172.45,12905.472,2025-05-11 20:29:59.999,2227394.45954
2025-05-11 20:30:00,172.45,172.77,172.12,172.16,15345.216,2025-05-11 20:44:59.999,2645144.42571
2025-05-11 20:45:00,172.16,172.52,171.97,172.34,11181.422,2025-05-11 20:59:59.999,1926107.82388
2025-05-11 21:00:00,172.34,172.39,171.64,171.97,16307.257,2025-05-11 21:14:59.999,2805225.50605
2025-05-11 21:15:00,171.96,172.5,171.92,172.36,12363.458,2025-05-11 21:29:59.999,2129555.04646
2025-05-11 21:30:00,172.36,172.71,172.22,172.37,10615.127,2025-05-11 21:44:59.999,1830550.17676
2025-05-11 21:45:00,172.37,173.26,172.36,173.16,10930.404,2025-05-11 21:59:59.999,1889927.27853
2025-05-11 22:00:00,173.16,173.85,171.83,172.46,43242.904,2025-05-11 22:14:59.999,7465023.34415
2025-05-11 22:15:00,172.45,172.59,171.7,171.98,20483.66,2025-05-11 22:29:59.999,3525751.50177
2025-05-11 22:30:00,171.97,172.33,171.36,171.4,20034.907,2025-05-11 22:44:59.999,3441398.46341
2025-05-11 22:45:00,171.4,171.99,171.26,171.95,11007.375,2025-05-11 22:59:59.999,1889891.91253
2025-05-11 23:00:00,171.95,172.94,171.88,172.72,14594.014,2025-05-11 23:14:59.999,2517030.8209
2025-05-11 23:15:00,172.72,172.98,172.29,172.59,11735.591,2025-05-11 23:29:59.999,2026109.23321
2025-05-11 23:30:00,172.6,172.87,172.22,172.82,9783.35,2025-05-11 23:44:59.999,1687190.17015
2025-05-11 23:45:00,172.82,173.25,172.62,173.19,16171.956,2025-05-11 23:59:59.999,2796868.51299
2025-05-12 00:00:00,173.2,174.44,173.07,174.41,31489.351,2025-05-12 00:14:59.999,5470711.01887
2025-05-12 00:15:00,174.4,174.85,173.92,174.84,24494.78,2025-05-12 00:29:59.999,4271739.71608
2025-05-12 00:30:00,174.84,175.77,174.27,174.27,56741.879,2025-05-12 00:44:59.999,9941766.47226
2025-05-12 00:45:00,174.28,174.71,174.05,174.52,24389.416,2025-05-12 00:59:59.999,4253537.79868
2025-05-12 01:00:00,174.51,176.07,174.33,175.78,55704.267,2025-05-12 01:14:59.999,9778838.71979
2025-05-12 01:15:00,175.78,175.99,174.22,174.52,31858.479,2025-05-12 01:29:59.999,5579688.93371
2025-05-12 01:30:00,174.53,174.57,171.74,173.06,67266.845,2025-05-12 01:44:59.999,11630491.28065
2025-05-12 01:45:00,173.05,173.91,172.62,173.73,31037.307,2025-05-12 01:59:59.999,5377901.98931
2025-05-12 02:00:00,173.74,175.21,173.74,174.7,58284.254,2025-05-12 02:14:59.999,10183875.02562
2025-05-12 02:15:00,174.71,176.88,174.36,175.43,72562.911,2025-05-12 02:29:59.999,12767963.0474
2025-05-12 02:30:00,175.44,176.54,175.16,175.34,36322.072,2025-05-12 02:44:59.999,6387000.77952
2025-05-12 02:45:00,175.34,175.67,172.81,173.99,82155.356,2025-05-12 02:59:59.999,14301402.21232
2025-05-12 03:00:00,174.0,174.04,173.03,173.51,44113.194,2025-05-12 03:14:59.999,7656529.88064
2025-05-12 03:15:00,173.51,174.74,173.36,173.98,31222.199,2025-05-12 03:29:59.999,5433288.01882
2025-05-12 03:30:00,173.99,174.15,173.68,174.06,27494.663,2025-05-12 03:44:59.999,4784142.85073
2025-05-12 03:45:00,174.06,174.9,173.85,174.9,23806.103,2025-05-12 03:59:59.999,4153095.75338
2025-05-12 04:00:00,174.9,175.2,174.49,175.11,40188.01,2025-05-12 04:14:59.999,7028656.93035
2025-05-12 04:15:00,175.1,175.47,174.1,174.65,47575.173,2025-05-12 04:29:59.999,8321834.16891
2025-05-12 04:30:00,174.66,176.03,174.19,175.92,57542.101,2025-05-12 04:44:59.999,10080548.20194
2025-05-12 04:45:00,175.93,176.11,175.34,175.85,51252.998,2025-05-12 04:59:59.999,9012233.64495
2025-05-12 05:00:00,175.85,176.17,175.01,175.5,28046.414,2025-05-12 05:14:59.999,4927211.94578
2025-05-12 05:15:00,175.49,175.87,174.3,174.64,54278.686,2025-05-12 05:29:59.999,9486321.09856
2025-05-12 05:30:00,174.63,174.85,173.63,174.81,32510.879,2025-05-12 05:44:59.999,5667615.78978
2025-05-12 05:45:00,174.82,175.05,174.17,174.54,16550.461,2025-05-12 05:59:59.999,2891203.76263
2025-05-12 06:00:00,174.53,175.37,174.11,174.71,30608.176,2025-05-12 06:14:59.999,5350486.45853
2025-05-12 06:15:00,174.71,175.5,173.79,175.31,40131.944,2025-05-12 06:29:59.999,7005424.44671
2025-05-12 06:30:00,175.32,175.72,175.06,175.56,29700.546,2025-05-12 06:44:59.999,5209933.89511
2025-05-12 06:45:00,175.57,176.0,175.56,175.73,30173.698,2025-05-12 06:59:59.999,5304857.1536
2025-05-12 07:00:00,175.74,179.43,175.74,179.06,427268.196,2025-05-12 07:14:59.999,76112714.9936
2025-05-12 07:15:00,179.06,179.69,178.32,179.33,210196.757,2025-05-12 07:29:59.999,37646924.68529
2025-05-12 07:30:00,179.34,179.79,177.3,177.78,151135.997,2025-05-12 07:44:59.999,26999333.81962
2025-05-12 07:45:00,177.78,178.03,174.85,176.09,150600.749,2025-05-12 07:59:59.999,26521113.21553
2025-05-12 08:00:00,176.08,176.17,173.64,174.63,111799.909,2025-05-12 08:14:59.999,19564409.75967
2025-05-12 08:15:00,174.63,175.28,173.96,174.75,67386.99,2025-05-12 08:29:59.999,11763163.4517
2025-05-12 08:30:00,174.75,176.0,174.4,175.92,60954.601,2025-05-12 08:44:59.999,10682618.44154
2025-05-12 08:45:00,175.92,177.01,175.67,176.56,73352.678,2025-05-12 08:59:59.999,12943623.83244
2025-05-12 09:00:00,176.57,176.94,176.0,176.04,37821.596,2025-05-12 09:14:59.999,6670642.79475
2025-05-12 09:15:00,176.05,176.87,176.01,176.73,44503.961,2025-05-12 09:29:59.999,7853549.08468
2025-05-12 09:30:00,176.74,176.81,175.97,176.31,41029.27,2025-05-12 09:44:59.999,7233194.74991
2025-05-12 09:45:00,176.31,176.34,175.5,175.68,36411.157,2025-05-12 09:59:59.999,6399508.65836
2025-05-12 10:00:00,175.68,176.17,175.01,175.29,58056.937,2025-05-12 10:14:59.999,10194657.5804
2025-05-12 10:15:00,175.28,175.67,174.78,175.29,37997.347,2025-05-12 10:29:59.999,6658266.48846
2025-05-12 10:30:00,175.29,176.1,174.92,175.64,28652.558,2025-05-12 10:44:59.999,5031419.03499
2025-05-12 10:45:00,175.65,176.1,175.36,175.97,19826.23,2025-05-12 10:59:59.999,3485323.41244
2025-05-12 11:00:00,175.96,176.43,175.71,175.98,31384.382,2025-05-12 11:14:59.999,5527042.09542
2025-05-12 11:15:00,175.98,176.0,174.81,175.27,38753.532,2025-05-12 11:29:59.999,6796884.61913
2025-05-12 11:30:00,175.27,175.93,174.81,174.88,44298.658,2025-05-12 11:44:59.999,7767715.20388
2025-05-12 11:45:00,174.88,175.36,173.79,174.11,59513.773,2025-05-12 11:59:59.999,10376866.54433
2025-05-12 12:00:00,174.1,174.77,174.0,174.74,47771.017,2025-05-12 12:14:59.999,8331509.89645
2025-05-12 12:15:00,174.74,175.46,174.4,175.03,47170.288,2025-05-12 12:29:59.999,8249048.91466
2025-05-12 12:30:00,175.03,176.65,174.48,176.58,57345.779,2025-05-12 12:44:59.999,10075364.99734
2025-05-12 12:45:00,176.59,176.92,175.91,176.38,58973.601,2025-05-12 12:59:59.999,10410648.98801
2025-05-12 13:00:00,176.37,177.66,175.78,177.44,67104.591,2025-05-12 13:14:59.999,11853107.47188
2025-05-12 13:15:00,177.43,177.99,176.68,176.94,65294.638,2025-05-12 13:29:59.999,11577199.04988
2025-05-12 13:30:00,176.94,177.95,175.99,177.19,133456.717,2025-05-12 13:44:59.999,23628180.81717
2025-05-12 13:45:00,177.2,180.68,177.2,179.31,289494.719,2025-05-12 13:59:59.999,51929659.30695
2025-05-12 14:00:00,179.31,180.37,178.51,179.63,135735.679,2025-05-12 14:14:59.999,24380040.71933
2025-05-12 14:15:00,179.63,181.46,175.37,176.08,288464.021,2025-05-12 14:29:59.999,51498201.11341
2025-05-12 14:30:00,176.08,178.37,175.29,178.26,167095.773,2025-05-12 14:44:59.999,29532920.58209
2025-05-12 14:45:00,178.26,178.26,175.58,175.84,112479.336,2025-05-12 14:59:59.999,19862838.96576
2025-05-12 15:00:00,175.84,176.77,174.75,176.7,153365.491,2025-05-12 15:14:59.999,26958358.59737
2025-05-12 15:15:00,176.69,177.2,176.01,176.22,64099.794,2025-05-12 15:29:59.999,11316636.13207
2025-05-12 15:30:00,176.22,176.42,174.59,175.0,66200.842,2025-05-12 15:44:59.999,11617045.49125
2025-05-12 15:45:00,175.01,175.29,174.07,174.4,87145.651,2025-05-12 15:59:59.999,15223921.78349
2025-05-12 16:00:00,174.39,174.93,173.24,174.65,96996.888,2025-05-12 16:14:59.999,16883111.23583
2025-05-12 16:15:00,174.66,175.96,174.63,175.43,87617.064,2025-05-12 16:29:59.999,15366382.68528
2025-05-12 16:30:00,175.42,176.06,174.96,175.53,55441.924,2025-05-12 16:44:59.999,9730094.10329
2025-05-12 16:45:00,175.54,176.32,175.48,175.96,70886.474,2025-05-12 16:59:59.999,12482782.91725
2025-05-12 17:00:00,175.95,176.67,175.76,176.39,46220.968,2025-05-12 17:14:59.999,8152985.18092
2025-05-12 17:15:00,176.38,176.39,174.75,175.06,52262.85,2025-05-12 17:29:59.999,9152393.77863
2025-05-12 17:30:00,175.06,175.1,173.69,173.76,40607.303,2025-05-12 17:44:59.999,7075340.84387
2025-05-12 17:45:00,173.77,174.04,171.77,172.11,104562.322,2025-05-12 17:59:59.999,18037958.88221
2025-05-12 18:00:00,172.11,172.71,170.71,171.33,101638.43,2025-05-12 18:14:59.999,17422457.57315
2025-05-12 18:15:00,171.32,172.33,170.12,170.31,56349.105,2025-05-12 18:29:59.999,9657832.57158
2025-05-12 18:30:00,170.31,171.02,169.77,170.38,89542.639,2025-05-12 18:44:59.999,15255787.93217
2025-05-12 18:45:00,170.39,170.95,168.31,170.44,132082.214,2025-05-12 18:59:59.999,22401797.57119
2025-05-12 19:00:00,170.44,171.64,170.01,170.65,80558.523,2025-05-12 19:14:59.999,13775762.5165
2025-05-12 19:15:00,170.65,171.45,169.71,170.12,51551.854,2025-05-12 19:29:59.999,8801744.17005
2025-05-12 19:30:00,170.12,170.74,169.76,170.04,19121.986,2025-05-12 19:44:59.999,3257439.23082
2025-05-12 19:45:00,170.04,171.38,170.04,171.22,46921.378,2025-05-12 19:59:59.999,8022068.14976
2025-05-12 20:00:00,171.22,171.48,170.41,171.05,22416.104,2025-05-12 20:14:59.999,3832016.261
2025-05-12 20:15:00,171.05,172.26,171.02,172.15,31736.53,2025-05-12 20:29:59.999,5450703.4347
2025-05-12 20:30:00,172.16,172.65,171.85,171.93,33926.692,2025-05-12 20:44:59.999,5845065.93979
2025-05-12 20:45:00,171.93,172.83,171.81,172.27,21515.98,2025-05-12 20:59:59.999,3707781.76603
2025-05-12 21:00:00,172.27,172.58,171.91,172.29,25498.618,2025-05-12 21:14:59.999,4391588.90896
2025-05-12 21:15:00,172.29,172.84,172.14,172.2,25542.211,2025-05-12 21:29:59.999,4405719.43029
2025-05-12 21:30:00,172.19,172.84,172.17,172.82,20897.73,2025-05-12 21:44:59.999,3606399.21077
2025-05-12 21:45:00,172.82,172.95,172.51,172.69,22037.565,2025-05-12 21:59:59.999,3806235.545
2025-05-12 22:00:00,172.69,173.01,172.12,172.85,33930.94,2025-05-12 22:14:59.999,5856045.76262
2025-05-12 22:15:00,172.84,173.63,172.83,173.43,21179.517,2025-05-12 22:29:59.999,3668912.15552
2025-05-12 22:30:00,173.42,174.16,173.35,173.91,23069.855,2025-05-12 22:44:59.999,4009732.14213
2025-05-12 22:45:00,173.92,174.66,173.64,173.71,23628.704,2025-05-12 22:59:59.999,4113335.22211
2025-05-12 23:00:00,173.71,174.25,173.62,173.89,22589.497,2025-05-12 23:14:59.999,3928588.79179
2025-05-12 23:15:00,173.89,174.81,173.88,174.67,18674.453,2025-05-12 23:29:59.999,3257164.95832
2025-05-12 23:30:00,174.67,174.73,173.98,174.37,19773.078,2025-05-12 23:44:59.999,3445132.12087
2025-05-12 23:45:00,174.38,174.69,174.11,174.22,17308.204,2025-05-12 23:59:59.999,3018466.98174
2025-05-13 00:00:00,174.22,174.38,173.19,173.36,35275.273,2025-05-13 00:14:59.999,6131824.2061
2025-05-13 00:15:00,173.36,173.86,172.76,173.19,25161.583,2025-05-13 00:29:59.999,4363000.70839
2025-05-13 00:30:00,173.2,173.21,172.08,172.19,24062.927,2025-05-13 00:44:59.999,4156143.08733
2025-05-13 00:45:00,172.19,172.69,171.57,171.69,41974.472,2025-05-13 00:59:59.999,7228087.86467
2025-05-13 01:00:00,171.69,172.58,170.68,171.37,50070.407,2025-05-13 01:14:59.999,8596200.39942
2025-05-13 01:15:00,171.37,172.05,171.09,171.18,31067.036,2025-05-13 01:29:59.999,5330565.28476
2025-05-13 01:30:00,171.17,171.25,169.61,170.3,65543.977,2025-05-13 01:44:59.999,11168413.00323
2025-05-13 01:45:00,170.29,171.35,169.86,171.06,28315.664,2025-05-13 01:59:59.999,4836489.92081
2025-05-13 02:00:00,171.07,171.43,169.65,169.72,67503.409,2025-05-13 02:14:59.999,11521274.4808
2025-05-13 02:15:00,169.72,170.46,168.16,170.46,81035.965,2025-05-13 02:29:59.999,13715243.84252
2025-05-13 02:30:00,170.46,170.47,168.42,168.52,45892.257,2025-05-13 02:44:59.999,7771434.75531
2025-05-13 02:45:00,168.52,169.38,168.39,169.01,37718.112,2025-05-13 02:59:59.999,6370468.04924
2025-05-13 03:00:00,169.01,169.66,168.51,169.31,27810.307,2025-05-13 03:14:59.999,4701375.51764
2025-05-13 03:15:00,169.31,169.5,167.13,167.87,55366.865,2025-05-13 03:29:59.999,9318844.62081
2025-05-13 03:30:00,167.87,168.46,167.29,168.27,39467.017,2025-05-13 03:44:59.999,6626882.27585
2025-05-13 03:45:00,168.27,168.27,166.94,166.97,69422.522,2025-05-13 03:59:59.999,11630341.83245
2025-05-13 04:00:00,166.98,167.68,166.18,167.34,76785.539,2025-05-13 04:14:59.999,12820704.64898
2025-05-13 04:15:00,167.35,168.73,167.11,168.69,50265.93,2025-05-13 04:29:59.999,8452065.65216
2025-05-13 04:30:00,168.69,169.47,168.66,169.31,29351.845,2025-05-13 04:44:59.999,4965469.1212
2025-05-13 04:45:00,169.31,170.06,169.18,169.89,27065.164,2025-05-13 04:59:59.999,4591569.15719
2025-05-13 05:00:00,169.88,170.4,169.59,170.19,27235.904,2025-05-13 05:14:59.999,4628556.89943
2025-05-13 05:15:00,170.2,170.32,169.44,169.71,31276.187,2025-05-13 05:29:59.999,5310157.3738
2025-05-13 05:30:00,169.71,169.84,168.81,169.21,20237.897,2025-05-13 05:44:59.999,3425532.43753
2025-05-13 05:45:00,169.2,169.91,169.13,169.83,13563.933,2025-05-13 05:59:59.999,2298693.08865
2025-05-13 06:00:00,169.84,171.18,169.84,171.14,54424.138,2025-05-13 06:14:59.999,9281139.95641
2025-05-13 06:15:00,171.14,171.23,170.53,170.87,31332.438,2025-05-13 06:29:59.999,5354391.75638
2025-05-13 06:30:00,170.87,171.6,170.8,171.56,18550.853,2025-05-13 06:44:59.999,3176018.98082
2025-05-13 06:45:00,171.56,171.8,171.02,171.16,21299.323,2025-05-13 06:59:59.999,3650991.233
2025-05-13 07:00:00,171.16,171.71,171.02,171.56,22131.175,2025-05-13 07:14:59.999,3793555.00114
2025-05-13 07:15:00,171.55,172.44,171.55,171.97,49325.306,2025-05-13 07:29:59.999,8484414.59304
2025-05-13 07:30:00,171.98,172.35,171.57,171.74,31151.459,2025-05-13 07:44:59.999,5354680.13165
2025-05-13 07:45:00,171.73,171.82,171.3,171.49,27459.629,2025-05-13 07:59:59.999,4709871.26549
2025-05-13 08:00:00,171.49,172.07,171.48,171.69,33688.682,2025-05-13 08:14:59.999,5785263.55221
2025-05-13 08:15:00,171.7,171.92,170.93,171.2,21568.76,2025-05-13 08:29:59.999,3696560.05194
2025-05-13 08:30:00,171.2,172.69,171.19,172.38,34253.829,2025-05-13 08:44:59.999,5895994.34698
2025-05-13 08:45:00,172.39,172.85,172.08,172.54,19277.493,2025-05-13 08:59:59.999,3323473.81875
2025-05-13 09:00:00,172.54,173.0,172.32,172.83,39592.461,2025-05-13 09:14:59.999,6837162.48546
2025-05-13 09:15:00,172.83,173.73,172.76,173.42,38169.095,2025-05-13 09:29:59.999,6616039.4056
2025-05-13 09:30:00,173.43,173.8,173.0,173.45,31404.347,2025-05-13 09:44:59.999,5447600.26996
2025-05-13 09:45:00,173.44,174.03,173.4,173.73,22048.095,2025-05-13 09:59:59.999,3832165.19713
2025-05-13 10:00:00,173.74,173.86,173.27,173.43,24002.682,2025-05-13 10:14:59.999,4164707.31134
2025-05-13 10:15:00,173.43,173.94,173.02,173.86,21888.049,2025-05-13 10:29:59.999,3799497.52687
2025-05-13 10:30:00,173.85,173.92,173.46,173.72,17521.899,2025-05-13 10:44:59.999,3043318.1721
2025-05-13 10:45:00,173.73,174.33,173.56,174.06,24386.401,2025-05-13 10:59:59.999,4241803.59846
2025-05-13 11:00:00,174.06,174.22,173.71,173.89,20369.493,2025-05-13 11:14:59.999,3544192.58871
2025-05-13 11:15:00,173.89,174.98,173.86,174.41,26528.194,2025-05-13 11:29:59.999,4629967.44243
2025-05-13 11:30:00,174.4,175.15,174.14,174.79,41412.828,2025-05-13 11:44:59.999,7240263.17837
2025-05-13 11:45:00,174.79,174.8,173.65,174.0,28339.568,2025-05-13 11:59:59.999,4932269.97787
2025-05-13 12:00:00,174.0,174.04,172.93,173.16,44364.441,2025-05-13 12:14:59.999,7690220.45116
2025-05-13 12:15:00,173.16,173.64,172.94,173.54,24823.294,2025-05-13 12:29:59.999,4303003.53365
2025-05-13 12:30:00,173.53,175.58,172.98,174.84,186374.698,2025-05-13 12:44:59.999,32543395.24056
2025-05-13 12:45:00,174.84,174.96,174.02,174.21,44375.25,2025-05-13 12:59:59.999,7741693.62473
2025-05-13 13:00:00,174.21,174.95,173.95,174.26,45694.855,2025-05-13 13:14:59.999,7967331.11277
2025-05-13 13:15:00,174.26,175.3,174.18,175.09,61181.635,2025-05-13 13:29:59.999,10698631.57623
2025-05-13 13:30:00,175.08,175.8,174.33,174.55,71539.176,2025-05-13 13:44:59.999,12533074.63759
2025-05-13 13:45:00,174.54,174.79,173.66,174.35,42037.76,2025-05-13 13:59:59.999,7324280.49969
2025-05-13 14:00:00,174.35,174.55,173.0,173.4,61034.736,2025-05-13 14:14:59.999,10596764.97871
2025-05-13 14:15:00,173.41,174.31,172.72,174.1,81428.067,2025-05-13 14:29:59.999,14145071.87794
2025-05-13 14:30:00,174.1,174.1,172.94,173.37,42304.602,2025-05-13 14:44:59.999,7340355.99762
2025-05-13 14:45:00,173.37,173.74,172.11,173.26,48315.464,2025-05-13 14:59:59.999,8351089.19395
2025-05-13 15:00:00,173.25,174.89,173.13,174.28,53603.617,2025-05-13 15:14:59.999,9320108.68856
2025-05-13 15:15:00,174.29,175.07,174.01,174.89,30032.927,2025-05-13 15:29:59.999,5242544.46521
2025-05-13 15:30:00,174.89,175.37,174.5,175.0,31324.031,2025-05-13 15:44:59.999,5479610.7403
2025-05-13 15:45:00,175.01,176.31,174.73,176.09,100090.637,2025-05-13 15:59:59.999,17580023.13253
2025-05-13 16:00:00,176.08,177.69,175.72,177.62,81064.262,2025-05-13 16:14:59.999,14323513.11494
2025-05-13 16:15:00,177.62,178.01,176.43,177.35,126513.469,2025-05-13 16:29:59.999,22430159.44444
2025-05-13 16:30:00,177.35,177.52,176.52,176.73,41453.337,2025-05-13 16:44:59.999,7337882.96484